intake_id,message_id,fixture,received_at,feed_wall_time,sharp_side,classification,UTC_event_start,UTC_not_started,UTC_otherwise_decision,Europe/London_event_start,Europe/London_not_started,Europe/London_otherwise_decision
5,67962,BC Apollon Limassol vs Anorthosis Famagusta,2026-09-23T13:53:35.523+00:00,2026-09-23T14:00,,AMBIGUOUS,2026-09-23T14:00:00+00:00,True,AMBIGUOUS,2026-09-23T13:00:00+00:00,False,AMBIGUOUS
7,67964,BC Apollon Limassol vs Anorthosis Famagusta,2026-09-23T13:54:49.736+00:00,2026-09-23T14:00,,AMBIGUOUS,2026-09-23T14:00:00+00:00,True,AMBIGUOUS,2026-09-23T13:00:00+00:00,False,AMBIGUOUS
16,67959,BC Apollon Limassol vs Anorthosis Famagusta,2026-09-23T13:58:54.192+00:00,2026-09-23T14:00,,AMBIGUOUS,2026-09-23T14:00:00+00:00,True,AMBIGUOUS,2026-09-23T13:00:00+00:00,False,AMBIGUOUS
19,67971,Neftchi vs KK Parnu,2026-09-23T14:07:05.949+00:00,2026-09-23T15:00,OVER,PARSED,2026-09-23T15:00:00+00:00,True,REJECT,2026-09-23T14:00:00+00:00,False,REJECT
20,67972,Neftchi vs KK Parnu,2026-09-23T14:07:50.766+00:00,2026-09-23T15:00,UNDER,PARSED,2026-09-23T15:00:00+00:00,True,ACCEPT,2026-09-23T14:00:00+00:00,False,STALE
46,67998,Kipina Basket vs Kauhajoki Karhu Basket,2026-09-23T14:32:40.410+00:00,2026-09-23T15:30,,AMBIGUOUS,2026-09-23T15:30:00+00:00,True,AMBIGUOUS,2026-09-23T14:30:00+00:00,False,AMBIGUOUS
47,67999,Kipina Basket vs Kauhajoki Karhu Basket,2026-09-23T14:33:02.384+00:00,2026-09-23T15:30,,AMBIGUOUS,2026-09-23T15:30:00+00:00,True,AMBIGUOUS,2026-09-23T14:30:00+00:00,False,AMBIGUOUS
50,68002,Kipina Basket vs Kauhajoki Karhu Basket,2026-09-23T14:37:42.651+00:00,2026-09-23T15:30,,AMBIGUOUS,2026-09-23T15:30:00+00:00,True,AMBIGUOUS,2026-09-23T14:30:00+00:00,False,AMBIGUOUS
51,68003,Neftchi vs KK Parnu,2026-09-23T14:45:23.726+00:00,2026-09-23T15:00,OVER,PARSED,2026-09-23T15:00:00+00:00,True,REJECT,2026-09-23T14:00:00+00:00,False,REJECT
52,68004,Bisons Loimaa vs Salon Vilpas Vikings,2026-09-23T14:47:36.251+00:00,2026-09-23T15:30,HOME,PARSED,2026-09-23T15:30:00+00:00,True,REJECT,2026-09-23T14:30:00+00:00,False,REJECT
54,68006,GKK Sibenka vs KK Jazine Arbanasi,2026-09-23T14:48:53.422+00:00,2026-09-23T15:00,HOME,PARSED,2026-09-23T15:00:00+00:00,True,REJECT,2026-09-23T14:00:00+00:00,False,REJECT
55,68007,GKK Sibenka vs KK Jazine Arbanasi,2026-09-23T14:49:11.576+00:00,2026-09-23T15:00,AWAY,PARSED,2026-09-23T15:00:00+00:00,True,ACCEPT,2026-09-23T14:00:00+00:00,False,STALE
56,68008,Kipina Basket vs Kauhajoki Karhu Basket,2026-09-23T14:53:14.495+00:00,2026-09-23T15:30,OVER,PARSED,2026-09-23T15:30:00+00:00,True,ACCEPT,2026-09-23T14:30:00+00:00,False,STALE
58,68010,Kipina Basket vs Kauhajoki Karhu Basket,2026-09-23T14:57:50.829+00:00,2026-09-23T15:30,OVER,PARSED,2026-09-23T15:30:00+00:00,True,ACCEPT,2026-09-23T14:30:00+00:00,False,STALE
59,68012,Bisons Loimaa vs Salon Vilpas Vikings,2026-09-23T15:02:16.931+00:00,2026-09-23T15:30,HOME,PARSED,2026-09-23T15:30:00+00:00,True,REJECT,2026-09-23T14:30:00+00:00,False,REJECT
61,68014,Bisons Loimaa vs Salon Vilpas Vikings,2026-09-23T15:02:55.727+00:00,2026-09-23T15:30,HOME,PARSED,2026-09-23T15:30:00+00:00,True,REJECT,2026-09-23T14:30:00+00:00,False,REJECT
62,68015,Bisons Loimaa vs Salon Vilpas Vikings,2026-09-23T15:03:57.886+00:00,2026-09-23T15:30,,AMBIGUOUS,2026-09-23T15:30:00+00:00,True,AMBIGUOUS,2026-09-23T14:30:00+00:00,False,AMBIGUOUS
63,68016,Bisons Loimaa vs Salon Vilpas Vikings,2026-09-23T15:08:39.974+00:00,2026-09-23T15:30,HOME,PARSED,2026-09-23T15:30:00+00:00,True,REJECT,2026-09-23T14:30:00+00:00,False,REJECT
65,68018,Kipina Basket vs Kauhajoki Karhu Basket,2026-09-23T15:10:10.198+00:00,2026-09-23T15:30,HOME,PARSED,2026-09-23T15:30:00+00:00,True,REJECT,2026-09-23T14:30:00+00:00,False,REJECT
66,68019,Kipina Basket vs Kauhajoki Karhu Basket,2026-09-23T15:10:17.170+00:00,2026-09-23T15:30,HOME,PARSED,2026-09-23T15:30:00+00:00,True,REJECT,2026-09-23T14:30:00+00:00,False,REJECT
69,68022,Bisons Loimaa vs Salon Vilpas Vikings,2026-09-23T15:12:06.840+00:00,2026-09-23T15:30,UNDER,PARSED,2026-09-23T15:30:00+00:00,True,ACCEPT,2026-09-23T14:30:00+00:00,False,STALE
70,68023,Bisons Loimaa vs Salon Vilpas Vikings,2026-09-23T15:12:18.046+00:00,2026-09-23T15:30,UNDER,PARSED,2026-09-23T15:30:00+00:00,True,ACCEPT,2026-09-23T14:30:00+00:00,False,STALE
71,68024,Bisons Loimaa vs Salon Vilpas Vikings,2026-09-23T15:12:49.137+00:00,2026-09-23T15:30,UNDER,PARSED,2026-09-23T15:30:00+00:00,True,ACCEPT,2026-09-23T14:30:00+00:00,False,STALE
72,68025,Bisons Loimaa vs Salon Vilpas Vikings,2026-09-23T15:13:07.097+00:00,2026-09-23T15:30,UNDER,PARSED,2026-09-23T15:30:00+00:00,True,ACCEPT,2026-09-23T14:30:00+00:00,False,STALE
73,68026,Bisons Loimaa vs Salon Vilpas Vikings,2026-09-23T15:13:30.841+00:00,2026-09-23T15:30,UNDER,PARSED,2026-09-23T15:30:00+00:00,True,ACCEPT,2026-09-23T14:30:00+00:00,False,STALE
75,68028,Bisons Loimaa vs Salon Vilpas Vikings,2026-09-23T15:13:38.997+00:00,2026-09-23T15:30,UNDER,PARSED,2026-09-23T15:30:00+00:00,True,ACCEPT,2026-09-23T14:30:00+00:00,False,STALE
76,68029,Bisons Loimaa vs Salon Vilpas Vikings,2026-09-23T15:14:03.874+00:00,2026-09-23T15:30,UNDER,PARSED,2026-09-23T15:30:00+00:00,True,ACCEPT,2026-09-23T14:30:00+00:00,False,STALE
77,68030,Bisons Loimaa vs Salon Vilpas Vikings,2026-09-23T15:14:09.098+00:00,2026-09-23T15:30,UNDER,PARSED,2026-09-23T15:30:00+00:00,True,ACCEPT,2026-09-23T14:30:00+00:00,False,STALE
78,68031,Bisons Loimaa vs Salon Vilpas Vikings,2026-09-23T15:14:53.111+00:00,2026-09-23T15:30,UNDER,PARSED,2026-09-23T15:30:00+00:00,True,ACCEPT,2026-09-23T14:30:00+00:00,False,STALE
79,68032,Bisons Loimaa vs Salon Vilpas Vikings,2026-09-23T15:15:21.244+00:00,2026-09-23T15:30,UNDER,PARSED,2026-09-23T15:30:00+00:00,True,ACCEPT,2026-09-23T14:30:00+00:00,False,STALE
80,68033,Bisons Loimaa vs Salon Vilpas Vikings,2026-09-23T15:15:31.009+00:00,2026-09-23T15:30,UNDER,PARSED,2026-09-23T15:30:00+00:00,True,ACCEPT,2026-09-23T14:30:00+00:00,False,STALE
81,68034,Bisons Loimaa vs Salon Vilpas Vikings,2026-09-23T15:15:45.414+00:00,2026-09-23T15:30,UNDER,PARSED,2026-09-23T15:30:00+00:00,True,ACCEPT,2026-09-23T14:30:00+00:00,False,STALE
82,68035,Bisons Loimaa vs Salon Vilpas Vikings,2026-09-23T15:15:55.229+00:00,2026-09-23T15:30,UNDER,PARSED,2026-09-23T15:30:00+00:00,True,ACCEPT,2026-09-23T14:30:00+00:00,False,STALE
83,68036,Bisons Loimaa vs Salon Vilpas Vikings,2026-09-23T15:16:07.427+00:00,2026-09-23T15:30,UNDER,PARSED,2026-09-23T15:30:00+00:00,True,ACCEPT,2026-09-23T14:30:00+00:00,False,STALE
84,68037,Bisons Loimaa vs Salon Vilpas Vikings,2026-09-23T15:16:22.322+00:00,2026-09-23T15:30,UNDER,PARSED,2026-09-23T15:30:00+00:00,True,ACCEPT,2026-09-23T14:30:00+00:00,False,STALE
85,68038,Bisons Loimaa vs Salon Vilpas Vikings,2026-09-23T15:16:25.163+00:00,2026-09-23T15:30,UNDER,PARSED,2026-09-23T15:30:00+00:00,True,ACCEPT,2026-09-23T14:30:00+00:00,False,STALE
86,68039,Bisons Loimaa vs Salon Vilpas Vikings,2026-09-23T15:16:32.247+00:00,2026-09-23T15:30,UNDER,PARSED,2026-09-23T15:30:00+00:00,True,ACCEPT,2026-09-23T14:30:00+00:00,False,STALE
88,68041,Kipina Basket vs Kauhajoki Karhu Basket,2026-09-23T15:16:33.269+00:00,2026-09-23T15:30,HOME,PARSED,2026-09-23T15:30:00+00:00,True,REJECT,2026-09-23T14:30:00+00:00,False,REJECT
89,68042,Bisons Loimaa vs Salon Vilpas Vikings,2026-09-23T15:16:38.440+00:00,2026-09-23T15:30,UNDER,PARSED,2026-09-23T15:30:00+00:00,True,ACCEPT,2026-09-23T14:30:00+00:00,False,STALE
90,68043,Bisons Loimaa vs Salon Vilpas Vikings,2026-09-23T15:16:45.427+00:00,2026-09-23T15:30,UNDER,PARSED,2026-09-23T15:30:00+00:00,True,ACCEPT,2026-09-23T14:30:00+00:00,False,STALE
91,68044,Bisons Loimaa vs Salon Vilpas Vikings,2026-09-23T15:17:03.288+00:00,2026-09-23T15:30,UNDER,PARSED,2026-09-23T15:30:00+00:00,True,ACCEPT,2026-09-23T14:30:00+00:00,False,STALE
92,68045,Bisons Loimaa vs Salon Vilpas Vikings,2026-09-23T15:17:16.227+00:00,2026-09-23T15:30,UNDER,PARSED,2026-09-23T15:30:00+00:00,True,ACCEPT,2026-09-23T14:30:00+00:00,False,STALE
93,68046,Bisons Loimaa vs Salon Vilpas Vikings,2026-09-23T15:17:30.222+00:00,2026-09-23T15:30,UNDER,PARSED,2026-09-23T15:30:00+00:00,True,ACCEPT,2026-09-23T14:30:00+00:00,False,STALE
94,68047,Bisons Loimaa vs Salon Vilpas Vikings,2026-09-23T15:17:33.923+00:00,2026-09-23T15:30,UNDER,PARSED,2026-09-23T15:30:00+00:00,True,ACCEPT,2026-09-23T14:30:00+00:00,False,STALE
95,68048,Bisons Loimaa vs Salon Vilpas Vikings,2026-09-23T15:17:39.461+00:00,2026-09-23T15:30,UNDER,PARSED,2026-09-23T15:30:00+00:00,True,ACCEPT,2026-09-23T14:30:00+00:00,False,STALE
96,68049,Bisons Loimaa vs Salon Vilpas Vikings,2026-09-23T15:17:46.085+00:00,2026-09-23T15:30,UNDER,PARSED,2026-09-23T15:30:00+00:00,True,ACCEPT,2026-09-23T14:30:00+00:00,False,STALE
97,68050,Bisons Loimaa vs Salon Vilpas Vikings,2026-09-23T15:17:59.407+00:00,2026-09-23T15:30,UNDER,PARSED,2026-09-23T15:30:00+00:00,True,ACCEPT,2026-09-23T14:30:00+00:00,False,STALE
98,68051,Bisons Loimaa vs Salon Vilpas Vikings,2026-09-23T15:18:05.381+00:00,2026-09-23T15:30,UNDER,PARSED,2026-09-23T15:30:00+00:00,True,ACCEPT,2026-09-23T14:30:00+00:00,False,STALE
99,68052,Bisons Loimaa vs Salon Vilpas Vikings,2026-09-23T15:18:09.340+00:00,2026-09-23T15:30,UNDER,PARSED,2026-09-23T15:30:00+00:00,True,ACCEPT,2026-09-23T14:30:00+00:00,False,STALE
100,68053,Bisons Loimaa vs Salon Vilpas Vikings,2026-09-23T15:18:16.295+00:00,2026-09-23T15:30,UNDER,PARSED,2026-09-23T15:30:00+00:00,True,ACCEPT,2026-09-23T14:30:00+00:00,False,STALE
101,68054,Bisons Loimaa vs Salon Vilpas Vikings,2026-09-23T15:18:24.158+00:00,2026-09-23T15:30,UNDER,PARSED,2026-09-23T15:30:00+00:00,True,ACCEPT,2026-09-23T14:30:00+00:00,False,STALE
102,68055,Bisons Loimaa vs Salon Vilpas Vikings,2026-09-23T15:18:28.267+00:00,2026-09-23T15:30,UNDER,PARSED,2026-09-23T15:30:00+00:00,True,ACCEPT,2026-09-23T14:30:00+00:00,False,STALE
103,68056,Bisons Loimaa vs Salon Vilpas Vikings,2026-09-23T15:18:34.268+00:00,2026-09-23T15:30,UNDER,PARSED,2026-09-23T15:30:00+00:00,True,ACCEPT,2026-09-23T14:30:00+00:00,False,STALE
104,68057,Bisons Loimaa vs Salon Vilpas Vikings,2026-09-23T15:18:42.962+00:00,2026-09-23T15:30,UNDER,PARSED,2026-09-23T15:30:00+00:00,True,ACCEPT,2026-09-23T14:30:00+00:00,False,STALE
105,68058,Bisons Loimaa vs Salon Vilpas Vikings,2026-09-23T15:19:03.631+00:00,2026-09-23T15:30,UNDER,PARSED,2026-09-23T15:30:00+00:00,True,ACCEPT,2026-09-23T14:30:00+00:00,False,STALE
107,68060,Bisons Loimaa vs Salon Vilpas Vikings,2026-09-23T15:19:20.698+00:00,2026-09-23T15:30,UNDER,PARSED,2026-09-23T15:30:00+00:00,True,ACCEPT,2026-09-23T14:30:00+00:00,False,STALE
108,68061,Kipina Basket vs Kauhajoki Karhu Basket,2026-09-23T15:19:34.695+00:00,2026-09-23T15:30,,AMBIGUOUS,2026-09-23T15:30:00+00:00,True,AMBIGUOUS,2026-09-23T14:30:00+00:00,False,AMBIGUOUS
109,68062,Bisons Loimaa vs Salon Vilpas Vikings,2026-09-23T15:19:49.532+00:00,2026-09-23T15:30,UNDER,PARSED,2026-09-23T15:30:00+00:00,True,ACCEPT,2026-09-23T14:30:00+00:00,False,STALE
110,68063,Bisons Loimaa vs Salon Vilpas Vikings,2026-09-23T15:20:16.765+00:00,2026-09-23T15:30,UNDER,PARSED,2026-09-23T15:30:00+00:00,True,ACCEPT,2026-09-23T14:30:00+00:00,False,STALE
111,68064,Bisons Loimaa vs Salon Vilpas Vikings,2026-09-23T15:21:26.857+00:00,2026-09-23T15:30,UNDER,PARSED,2026-09-23T15:30:00+00:00,True,ACCEPT,2026-09-23T14:30:00+00:00,False,STALE
113,68066,Bisons Loimaa vs Salon Vilpas Vikings,2026-09-23T15:23:53.663+00:00,2026-09-23T15:30,UNDER,PARSED,2026-09-23T15:30:00+00:00,True,ACCEPT,2026-09-23T14:30:00+00:00,False,STALE
114,68067,Bisons Loimaa vs Salon Vilpas Vikings,2026-09-23T15:25:41.787+00:00,2026-09-23T15:30,HOME,PARSED,2026-09-23T15:30:00+00:00,True,ACCEPT,2026-09-23T14:30:00+00:00,False,STALE
115,68068,Bisons Loimaa vs Salon Vilpas Vikings,2026-09-23T15:26:38.501+00:00,2026-09-23T15:30,UNDER,PARSED,2026-09-23T15:30:00+00:00,True,ACCEPT,2026-09-23T14:30:00+00:00,False,STALE
116,68069,Bisons Loimaa vs Salon Vilpas Vikings,2026-09-23T15:27:21.666+00:00,2026-09-23T15:30,UNDER,PARSED,2026-09-23T15:30:00+00:00,True,ACCEPT,2026-09-23T14:30:00+00:00,False,STALE
117,68070,BK Decin vs USK Prague,2026-09-23T15:27:26.538+00:00,2026-09-23T16:00,AWAY,PARSED,2026-09-23T16:00:00+00:00,True,ACCEPT,2026-09-23T15:00:00+00:00,False,STALE
118,68071,Bisons Loimaa vs Salon Vilpas Vikings,2026-09-23T15:27:27.444+00:00,2026-09-23T15:30,UNDER,PARSED,2026-09-23T15:30:00+00:00,True,ACCEPT,2026-09-23T14:30:00+00:00,False,STALE
119,68072,Bisons Loimaa vs Salon Vilpas Vikings,2026-09-23T15:27:51.962+00:00,2026-09-23T15:30,UNDER,PARSED,2026-09-23T15:30:00+00:00,True,ACCEPT,2026-09-23T14:30:00+00:00,False,STALE
120,68073,Bisons Loimaa vs Salon Vilpas Vikings,2026-09-23T15:28:02.684+00:00,2026-09-23T15:30,UNDER,PARSED,2026-09-23T15:30:00+00:00,True,ACCEPT,2026-09-23T14:30:00+00:00,False,STALE
121,68074,Bisons Loimaa vs Salon Vilpas Vikings,2026-09-23T15:28:11.541+00:00,2026-09-23T15:30,HOME,PARSED,2026-09-23T15:30:00+00:00,True,ACCEPT,2026-09-23T14:30:00+00:00,False,STALE
122,68075,Bisons Loimaa vs Salon Vilpas Vikings,2026-09-23T15:28:11.584+00:00,2026-09-23T15:30,UNDER,PARSED,2026-09-23T15:30:00+00:00,True,ACCEPT,2026-09-23T14:30:00+00:00,False,STALE
123,68076,Bisons Loimaa vs Salon Vilpas Vikings,2026-09-23T15:28:15.855+00:00,2026-09-23T15:30,UNDER,PARSED,2026-09-23T15:30:00+00:00,True,ACCEPT,2026-09-23T14:30:00+00:00,False,STALE
125,68079,Basketbal Olomouc vs BK Pardubice,2026-09-23T15:31:30.665+00:00,2026-09-23T16:00,AWAY,PARSED,2026-09-23T16:00:00+00:00,True,ACCEPT,2026-09-23T15:00:00+00:00,False,STALE
126,68080,Srsni Pisek vs Sokol Hradec Kralove,2026-09-23T15:32:56.742+00:00,2026-09-23T16:00,HOME,PARSED,2026-09-23T16:00:00+00:00,True,ACCEPT,2026-09-23T15:00:00+00:00,False,STALE
149,68106,Randers Cimbria vs Svendborg Rabbits,2026-09-23T16:21:31.378+00:00,2026-09-23T16:30,,AMBIGUOUS,2026-09-23T16:30:00+00:00,True,AMBIGUOUS,2026-09-23T15:30:00+00:00,False,AMBIGUOUS
150,68107,Randers Cimbria vs Svendborg Rabbits,2026-09-23T16:23:14.661+00:00,2026-09-23T16:30,HOME,PARSED,2026-09-23T16:30:00+00:00,True,ACCEPT,2026-09-23T15:30:00+00:00,False,STALE
151,68108,Randers Cimbria vs Svendborg Rabbits,2026-09-23T16:23:20.299+00:00,2026-09-23T16:30,HOME,PARSED,2026-09-23T16:30:00+00:00,True,ACCEPT,2026-09-23T15:30:00+00:00,False,STALE
153,68110,Randers Cimbria vs Svendborg Rabbits,2026-09-23T16:23:41.415+00:00,2026-09-23T16:30,HOME,PARSED,2026-09-23T16:30:00+00:00,True,ACCEPT,2026-09-23T15:30:00+00:00,False,STALE
155,68112,Horsholm 79ers vs BMS Herlev,2026-09-23T16:23:50.535+00:00,2026-09-23T16:30,AWAY,PARSED,2026-09-23T16:30:00+00:00,True,ACCEPT,2026-09-23T15:30:00+00:00,False,STALE
156,68113,Horsholm 79ers vs BMS Herlev,2026-09-23T16:23:55.493+00:00,2026-09-23T16:30,AWAY,PARSED,2026-09-23T16:30:00+00:00,True,ACCEPT,2026-09-23T15:30:00+00:00,False,STALE
157,68114,Randers Cimbria vs Svendborg Rabbits,2026-09-23T16:24:56.583+00:00,2026-09-23T16:30,HOME,PARSED,2026-09-23T16:30:00+00:00,True,ACCEPT,2026-09-23T15:30:00+00:00,False,STALE
158,68115,Horsholm 79ers vs BMS Herlev,2026-09-23T16:25:24.618+00:00,2026-09-23T16:30,AWAY,PARSED,2026-09-23T16:30:00+00:00,True,ACCEPT,2026-09-23T15:30:00+00:00,False,STALE
159,68116,Randers Cimbria vs Svendborg Rabbits,2026-09-23T16:25:38.413+00:00,2026-09-23T16:30,HOME,PARSED,2026-09-23T16:30:00+00:00,True,ACCEPT,2026-09-23T15:30:00+00:00,False,STALE
161,68118,Randers Cimbria vs Svendborg Rabbits,2026-09-23T16:29:37.101+00:00,2026-09-23T16:30,HOME,PARSED,2026-09-23T16:30:00+00:00,True,ACCEPT,2026-09-23T15:30:00+00:00,False,STALE
162,68119,Horsholm 79ers vs BMS Herlev,2026-09-23T16:29:54.135+00:00,2026-09-23T16:30,AWAY,PARSED,2026-09-23T16:30:00+00:00,True,ACCEPT,2026-09-23T15:30:00+00:00,False,STALE
165,68123,BMS Herlev vs Gladsaxe BK,2026-09-23T16:38:12.289+00:00,2026-09-23T17:00,,AMBIGUOUS,2026-09-23T17:00:00+00:00,True,AMBIGUOUS,2026-09-23T16:00:00+00:00,False,AMBIGUOUS
168,68126,BMS Herlev vs Gladsaxe BK,2026-09-23T16:38:32.253+00:00,2026-09-23T17:00,,AMBIGUOUS,2026-09-23T17:00:00+00:00,True,AMBIGUOUS,2026-09-23T16:00:00+00:00,False,AMBIGUOUS
170,68128,BMS Herlev vs Gladsaxe BK,2026-09-23T16:39:04.225+00:00,2026-09-23T17:00,,AMBIGUOUS,2026-09-23T17:00:00+00:00,True,AMBIGUOUS,2026-09-23T16:00:00+00:00,False,AMBIGUOUS
172,68130,BMS Herlev vs Gladsaxe BK,2026-09-23T16:39:13.407+00:00,2026-09-23T17:00,,AMBIGUOUS,2026-09-23T17:00:00+00:00,True,AMBIGUOUS,2026-09-23T16:00:00+00:00,False,AMBIGUOUS
173,68131,BMS Herlev vs Gladsaxe BK,2026-09-23T16:39:55.720+00:00,2026-09-23T17:00,,AMBIGUOUS,2026-09-23T17:00:00+00:00,True,AMBIGUOUS,2026-09-23T16:00:00+00:00,False,AMBIGUOUS
178,68136,Hapoel Haemek vs Elitzur Kiryat Atta,2026-09-23T16:55:55.617+00:00,2026-09-23T17:55,HOME,PARSED,2026-09-23T17:55:00+00:00,True,REJECT,2026-09-23T16:55:00+00:00,False,REJECT
179,68137,Lointek Gernika Bizkaia vs RPK Araski,2026-09-23T16:56:04.043+00:00,2026-09-23T17:00,UNDER,PARSED,2026-09-23T17:00:00+00:00,True,ACCEPT,2026-09-23T16:00:00+00:00,False,STALE
182,68140,Lointek Gernika Bizkaia vs RPK Araski,2026-09-23T16:59:37.782+00:00,2026-09-23T17:00,UNDER,PARSED,2026-09-23T17:00:00+00:00,True,ACCEPT,2026-09-23T16:00:00+00:00,False,STALE
183,68141,Lointek Gernika Bizkaia vs RPK Araski,2026-09-23T16:59:42.809+00:00,2026-09-23T17:00,UNDER,PARSED,2026-09-23T17:00:00+00:00,True,ACCEPT,2026-09-23T16:00:00+00:00,False,STALE
186,68144,AEO Proteas Voulas vs Elitzur Ramla,2026-09-23T17:12:29.992+00:00,2026-09-23T17:30,HOME,PARSED,2026-09-23T17:30:00+00:00,True,REJECT,2026-09-23T16:30:00+00:00,False,REJECT
196,68156,Hapoel Haemek vs Elitzur Kiryat Atta,2026-09-23T17:35:23.359+00:00,2026-09-23T17:55,HOME,PARSED,2026-09-23T17:55:00+00:00,True,REJECT,2026-09-23T16:55:00+00:00,False,REJECT
197,68157,Hapoel Haemek vs Elitzur Kiryat Atta,2026-09-23T17:36:21.289+00:00,2026-09-23T17:55,HOME,PARSED,2026-09-23T17:55:00+00:00,True,REJECT,2026-09-23T16:55:00+00:00,False,REJECT
198,68158,KB Peja vs CS Dinamo Bucuresti,2026-09-23T17:53:38.956+00:00,2026-09-23T18:15,OVER,PARSED,2026-09-23T18:15:00+00:00,True,ACCEPT,2026-09-23T17:15:00+00:00,False,STALE
206,68168,CD Campinho vs Illiabum Clube,2026-09-23T18:44:04.030+00:00,2026-09-23T19:30,HOME,PARSED,2026-09-23T19:30:00+00:00,True,ACCEPT,2026-09-23T18:30:00+00:00,False,STALE
220,68182,CD Campinho vs Illiabum Clube,2026-09-23T19:27:01.772+00:00,2026-09-23T19:30,HOME,PARSED,2026-09-23T19:30:00+00:00,True,ACCEPT,2026-09-23T18:30:00+00:00,False,STALE
302,68265,APAB Blumenau vs Ajab Secel,2026-09-23T22:31:07.906+00:00,2026-09-23T23:00,HOME,PARSED,2026-09-23T23:00:00+00:00,True,REJECT,2026-09-23T22:00:00+00:00,False,REJECT
304,68267,APAB Blumenau vs Ajab Secel,2026-09-23T22:31:23.838+00:00,2026-09-23T23:00,AWAY,PARSED,2026-09-23T23:00:00+00:00,True,ACCEPT,2026-09-23T22:00:00+00:00,False,STALE
308,68271,APAB Blumenau vs Ajab Secel,2026-09-23T22:37:59.118+00:00,2026-09-23T23:00,UNDER,PARSED,2026-09-23T23:00:00+00:00,True,ACCEPT,2026-09-23T22:00:00+00:00,False,STALE
309,68272,APAB Blumenau vs Ajab Secel,2026-09-23T22:38:22.033+00:00,2026-09-23T23:00,UNDER,PARSED,2026-09-23T23:00:00+00:00,True,ACCEPT,2026-09-23T22:00:00+00:00,False,STALE
311,68274,APAB Blumenau vs Ajab Secel,2026-09-23T22:39:19.075+00:00,2026-09-23T23:00,UNDER,PARSED,2026-09-23T23:00:00+00:00,True,ACCEPT,2026-09-23T22:00:00+00:00,False,STALE
317,68281,Yale vs Ateneo de Piriapolis,2026-09-23T23:17:52.899+00:00,2026-09-23T23:45,,AMBIGUOUS,2026-09-23T23:45:00+00:00,True,AMBIGUOUS,2026-09-23T22:45:00+00:00,False,AMBIGUOUS
318,68282,New York Liberty vs Atlanta Dream,2026-09-23T23:19:03.835+00:00,2026-09-24T00:00,,AMBIGUOUS,2026-09-24T00:00:00+00:00,True,AMBIGUOUS,2026-09-23T23:00:00+00:00,False,AMBIGUOUS
319,68283,Capurro vs CA 25 de Agosto,2026-09-23T23:32:01.113+00:00,2026-09-23T23:45,,AMBIGUOUS,2026-09-23T23:45:00+00:00,True,AMBIGUOUS,2026-09-23T22:45:00+00:00,False,AMBIGUOUS
320,68284,Yale vs Ateneo de Piriapolis,2026-09-23T23:32:14.236+00:00,2026-09-23T23:45,AWAY,PARSED,2026-09-23T23:45:00+00:00,True,ACCEPT,2026-09-23T22:45:00+00:00,False,STALE
321,68285,Yale vs Ateneo de Piriapolis,2026-09-23T23:32:26.973+00:00,2026-09-23T23:45,AWAY,PARSED,2026-09-23T23:45:00+00:00,True,ACCEPT,2026-09-23T22:45:00+00:00,False,STALE
323,68287,Yale vs Ateneo de Piriapolis,2026-09-23T23:36:20.097+00:00,2026-09-23T23:45,AWAY,PARSED,2026-09-23T23:45:00+00:00,True,REJECT,2026-09-23T22:45:00+00:00,False,REJECT
324,68288,New York Liberty vs Atlanta Dream,2026-09-23T23:43:22.295+00:00,2026-09-24T00:00,,AMBIGUOUS,2026-09-24T00:00:00+00:00,True,AMBIGUOUS,2026-09-23T23:00:00+00:00,False,AMBIGUOUS
325,68289,Yale vs Ateneo de Piriapolis,2026-09-23T23:43:23.078+00:00,2026-09-23T23:45,AWAY,PARSED,2026-09-23T23:45:00+00:00,True,REJECT,2026-09-23T22:45:00+00:00,False,REJECT
327,68291,Yale vs Ateneo de Piriapolis,2026-09-23T23:43:34.158+00:00,2026-09-23T23:45,AWAY,PARSED,2026-09-23T23:45:00+00:00,True,REJECT,2026-09-23T22:45:00+00:00,False,REJECT
328,68293,CD Universidad De Concepcion vs CD Atletico Puerto Varas,2026-09-24T00:09:25.310+00:00,2026-09-24T00:30,UNDER,PARSED,2026-09-24T00:30:00+00:00,True,REJECT,2026-09-23T23:30:00+00:00,False,REJECT
331,68296,CD Universidad De Concepcion vs CD Atletico Puerto Varas,2026-09-24T00:21:51.326+00:00,2026-09-24T00:30,UNDER,PARSED,2026-09-24T00:30:00+00:00,True,REJECT,2026-09-23T23:30:00+00:00,False,REJECT
332,68297,Republic of Korea vs Indonesia,2026-09-24T00:33:07.817+00:00,2026-09-24T01:00,HOME,PARSED,2026-09-24T01:00:00+00:00,True,REJECT,2026-09-24T00:00:00+00:00,False,REJECT
333,68298,Republic of Korea vs Indonesia,2026-09-24T00:33:43.777+00:00,2026-09-24T01:00,HOME,PARSED,2026-09-24T01:00:00+00:00,True,REJECT,2026-09-24T00:00:00+00:00,False,REJECT
350,68315,Salvadorenos vs Cojute,2026-09-24T00:50:18.023+00:00,2026-09-24T01:15,UNDER,PARSED,2026-09-24T01:15:00+00:00,True,ACCEPT,2026-09-24T00:15:00+00:00,False,STALE
364,68329,Seattle Storm vs Dallas Wings,2026-09-24T01:32:49.684+00:00,2026-09-24T02:00,,AMBIGUOUS,2026-09-24T02:00:00+00:00,True,AMBIGUOUS,2026-09-24T01:00:00+00:00,False,AMBIGUOUS
405,68370,Mongolia vs China,2026-09-24T03:01:27.786+00:00,2026-09-24T04:00,AWAY,PARSED,2026-09-24T04:00:00+00:00,True,REJECT,2026-09-24T03:00:00+00:00,False,REJECT
426,68391,Mongolia vs China,2026-09-24T03:14:13.955+00:00,2026-09-24T04:00,AWAY,PARSED,2026-09-24T04:00:00+00:00,True,REJECT,2026-09-24T03:00:00+00:00,False,REJECT
436,68401,Mongolia vs China,2026-09-24T03:30:33.047+00:00,2026-09-24T04:00,AWAY,PARSED,2026-09-24T04:00:00+00:00,True,REJECT,2026-09-24T03:00:00+00:00,False,REJECT
439,68404,Mongolia vs China,2026-09-24T03:31:23.149+00:00,2026-09-24T04:00,AWAY,PARSED,2026-09-24T04:00:00+00:00,True,REJECT,2026-09-24T03:00:00+00:00,False,REJECT
440,68405,Mongolia vs China,2026-09-24T03:33:15.998+00:00,2026-09-24T04:00,AWAY,PARSED,2026-09-24T04:00:00+00:00,True,REJECT,2026-09-24T03:00:00+00:00,False,REJECT
441,68406,Mongolia vs China,2026-09-24T03:33:27.906+00:00,2026-09-24T04:00,AWAY,PARSED,2026-09-24T04:00:00+00:00,True,REJECT,2026-09-24T03:00:00+00:00,False,REJECT
444,68409,Mongolia vs China,2026-09-24T03:34:15.905+00:00,2026-09-24T04:00,AWAY,PARSED,2026-09-24T04:00:00+00:00,True,REJECT,2026-09-24T03:00:00+00:00,False,REJECT
446,68411,Mongolia vs China,2026-09-24T03:36:05.034+00:00,2026-09-24T04:00,AWAY,PARSED,2026-09-24T04:00:00+00:00,True,REJECT,2026-09-24T03:00:00+00:00,False,REJECT
457,68422,Mongolia vs China,2026-09-24T03:52:18.859+00:00,2026-09-24T04:00,OVER,PARSED,2026-09-24T04:00:00+00:00,True,ACCEPT,2026-09-24T03:00:00+00:00,False,STALE
480,68445,LPU Pirates vs SBU Red Lions,2026-09-24T06:00:28.656+00:00,2026-09-24T07:00,OVER,PARSED,2026-09-24T07:00:00+00:00,True,ACCEPT,2026-09-24T06:00:00+00:00,False,STALE
481,68446,LPU Pirates vs SBU Red Lions,2026-09-24T06:00:35.370+00:00,2026-09-24T07:00,OVER,PARSED,2026-09-24T07:00:00+00:00,True,ACCEPT,2026-09-24T06:00:00+00:00,False,STALE
482,68447,LPU Pirates vs SBU Red Lions,2026-09-24T06:01:42.266+00:00,2026-09-24T07:00,OVER,PARSED,2026-09-24T07:00:00+00:00,True,ACCEPT,2026-09-24T06:00:00+00:00,False,STALE
507,68472,Rytas Vilnius vs Shanghai Sharks,2026-09-24T06:38:21.971+00:00,2026-09-24T07:30,HOME,PARSED,2026-09-24T07:30:00+00:00,True,ACCEPT,2026-09-24T06:30:00+00:00,False,STALE
520,68485,LPU Pirates vs SBU Red Lions,2026-09-24T06:50:09.938+00:00,2026-09-24T07:00,OVER,PARSED,2026-09-24T07:00:00+00:00,True,ACCEPT,2026-09-24T06:00:00+00:00,False,STALE
521,68486,LPU Pirates vs SBU Red Lions,2026-09-24T06:50:20.889+00:00,2026-09-24T07:00,OVER,PARSED,2026-09-24T07:00:00+00:00,True,ACCEPT,2026-09-24T06:00:00+00:00,False,STALE
522,68487,LPU Pirates vs SBU Red Lions,2026-09-24T06:52:07.961+00:00,2026-09-24T07:00,OVER,PARSED,2026-09-24T07:00:00+00:00,True,ACCEPT,2026-09-24T06:00:00+00:00,False,STALE
524,68489,LPU Pirates vs SBU Red Lions,2026-09-24T06:56:59.054+00:00,2026-09-24T07:00,OVER,PARSED,2026-09-24T07:00:00+00:00,True,ACCEPT,2026-09-24T06:00:00+00:00,False,STALE
525,68490,LPU Pirates vs SBU Red Lions,2026-09-24T06:57:18.080+00:00,2026-09-24T07:00,OVER,PARSED,2026-09-24T07:00:00+00:00,True,ACCEPT,2026-09-24T06:00:00+00:00,False,STALE
526,68491,LPU Pirates vs SBU Red Lions,2026-09-24T06:57:36.035+00:00,2026-09-24T07:00,OVER,PARSED,2026-09-24T07:00:00+00:00,True,ACCEPT,2026-09-24T06:00:00+00:00,False,STALE
527,68492,Rytas Vilnius vs Shanghai Sharks,2026-09-24T06:58:42.006+00:00,2026-09-24T07:30,HOME,PARSED,2026-09-24T07:30:00+00:00,True,ACCEPT,2026-09-24T06:30:00+00:00,False,STALE
528,68493,Chinese Taipei vs Philippines,2026-09-24T06:59:24.130+00:00,2026-09-24T07:00,HOME,PARSED,2026-09-24T07:00:00+00:00,True,REJECT,2026-09-24T06:00:00+00:00,False,REJECT
529,68494,Goyang Skygunners vs Seoul SK Knights,2026-09-24T07:04:26.276+00:00,2026-09-24T07:30,OVER,PARSED,2026-09-24T07:30:00+00:00,True,ACCEPT,2026-09-24T06:30:00+00:00,False,STALE
531,68496,Goyang Skygunners vs Seoul SK Knights,2026-09-24T07:07:53.369+00:00,2026-09-24T07:30,OVER,PARSED,2026-09-24T07:30:00+00:00,True,ACCEPT,2026-09-24T06:30:00+00:00,False,STALE
532,68497,Goyang Skygunners vs Seoul SK Knights,2026-09-24T07:08:59.381+00:00,2026-09-24T07:30,AWAY,PARSED,2026-09-24T07:30:00+00:00,True,REJECT,2026-09-24T06:30:00+00:00,False,REJECT
533,68498,Goyang Skygunners vs Seoul SK Knights,2026-09-24T07:11:00.399+00:00,2026-09-24T07:30,OVER,PARSED,2026-09-24T07:30:00+00:00,True,ACCEPT,2026-09-24T06:30:00+00:00,False,STALE
534,68499,Goyang Skygunners vs Seoul SK Knights,2026-09-24T07:11:05.504+00:00,2026-09-24T07:30,OVER,PARSED,2026-09-24T07:30:00+00:00,True,ACCEPT,2026-09-24T06:30:00+00:00,False,STALE
535,68505,Goyang Skygunners vs Seoul SK Knights,2026-09-24T07:21:23.798+00:00,2026-09-24T07:30,OVER,PARSED,2026-09-24T07:30:00+00:00,True,ACCEPT,2026-09-24T06:30:00+00:00,False,STALE
537,68507,Rytas Vilnius vs Shanghai Sharks,2026-09-24T07:25:22.864+00:00,2026-09-24T07:30,HOME,PARSED,2026-09-24T07:30:00+00:00,True,ACCEPT,2026-09-24T06:30:00+00:00,False,STALE
539,68509,Rytas Vilnius vs Shanghai Sharks,2026-09-24T07:28:46.040+00:00,2026-09-24T07:30,HOME,PARSED,2026-09-24T07:30:00+00:00,True,ACCEPT,2026-09-24T06:30:00+00:00,False,STALE
540,68510,Rytas Vilnius vs Shanghai Sharks,2026-09-24T07:29:03.093+00:00,2026-09-24T07:30,HOME,PARSED,2026-09-24T07:30:00+00:00,True,ACCEPT,2026-09-24T06:30:00+00:00,False,STALE
569,68546,National Formosa University vs National Taiwan Sport University,2026-09-24T09:13:54.375+00:00,2026-09-24T09:40,,AMBIGUOUS,2026-09-24T09:40:00+00:00,True,AMBIGUOUS,2026-09-24T08:40:00+00:00,False,AMBIGUOUS
571,68548,National Formosa University vs National Taiwan Sport University,2026-09-24T09:16:14.482+00:00,2026-09-24T09:40,,AMBIGUOUS,2026-09-24T09:40:00+00:00,True,AMBIGUOUS,2026-09-24T08:40:00+00:00,False,AMBIGUOUS
572,68549,National Formosa University vs National Taiwan Sport University,2026-09-24T09:17:27.434+00:00,2026-09-24T09:40,AWAY,PARSED,2026-09-24T09:40:00+00:00,True,ACCEPT,2026-09-24T08:40:00+00:00,False,STALE
573,68550,National Formosa University vs National Taiwan Sport University,2026-09-24T09:18:39.570+00:00,2026-09-24T09:40,AWAY,PARSED,2026-09-24T09:40:00+00:00,True,ACCEPT,2026-09-24T08:40:00+00:00,False,STALE
575,68552,National Formosa University vs National Taiwan Sport University,2026-09-24T09:37:42.806+00:00,2026-09-24T09:40,AWAY,PARSED,2026-09-24T09:40:00+00:00,True,REJECT,2026-09-24T08:40:00+00:00,False,REJECT
577,68554,National Formosa University vs National Taiwan Sport University,2026-09-24T09:39:35.308+00:00,2026-09-24T09:40,AWAY,PARSED,2026-09-24T09:40:00+00:00,True,REJECT,2026-09-24T08:40:00+00:00,False,REJECT
595,68572,Japan vs Thailand,2026-09-24T10:07:52.624+00:00,2026-09-24T10:20,HOME,PARSED,2026-09-24T10:20:00+00:00,True,REJECT,2026-09-24T09:20:00+00:00,False,REJECT
596,68573,Japan vs Thailand,2026-09-24T10:14:59.063+00:00,2026-09-24T10:20,HOME,PARSED,2026-09-24T10:20:00+00:00,True,REJECT,2026-09-24T09:20:00+00:00,False,REJECT
614,68591,Atletico Boca Juniors vs NBA G League United,2026-09-24T11:18:42.463+00:00,2026-09-24T11:30,OVER,PARSED,2026-09-24T11:30:00+00:00,True,ACCEPT,2026-09-24T10:30:00+00:00,False,STALE
615,68592,Atletico Boca Juniors vs NBA G League United,2026-09-24T11:21:35.372+00:00,2026-09-24T11:30,OVER,PARSED,2026-09-24T11:30:00+00:00,True,ACCEPT,2026-09-24T10:30:00+00:00,False,STALE
702,68687,Kosice Wolves vs BK Inter Bratislava,2026-09-24T15:52:48.574+00:00,2026-09-24T16:00,OVER,PARSED,2026-09-24T16:00:00+00:00,True,ACCEPT,2026-09-24T15:00:00+00:00,False,STALE
716,68701,Riesen Ludwigsburg vs Rostock Seawolves,2026-09-24T16:14:01.441+00:00,2026-09-24T16:30,,AMBIGUOUS,2026-09-24T16:30:00+00:00,True,AMBIGUOUS,2026-09-24T15:30:00+00:00,False,AMBIGUOUS
717,68702,Riesen Ludwigsburg vs Rostock Seawolves,2026-09-24T16:15:25.912+00:00,2026-09-24T16:30,AWAY,PARSED,2026-09-24T16:30:00+00:00,True,ACCEPT,2026-09-24T15:30:00+00:00,False,STALE
724,68709,Vejen vs Bears Academy,2026-09-24T16:22:18.769+00:00,2026-09-24T17:00,HOME,PARSED,2026-09-24T17:00:00+00:00,True,ACCEPT,2026-09-24T16:00:00+00:00,False,STALE
731,68716,Bakken Bears vs Horsens IC,2026-09-24T16:29:53.625+00:00,2026-09-24T16:30,HOME,PARSED,2026-09-24T16:30:00+00:00,True,ACCEPT,2026-09-24T15:30:00+00:00,False,STALE
749,68734,Geneva Elite Basket vs Saarlouis Royals,2026-09-24T17:14:34.121+00:00,2026-09-24T17:30,AWAY,PARSED,2026-09-24T17:30:00+00:00,True,REJECT,2026-09-24T16:30:00+00:00,False,REJECT
751,68736,Geneva Elite Basket vs Saarlouis Royals,2026-09-24T17:16:40.652+00:00,2026-09-24T17:30,AWAY,PARSED,2026-09-24T17:30:00+00:00,True,REJECT,2026-09-24T16:30:00+00:00,False,REJECT
752,68737,Geneva Elite Basket vs Saarlouis Royals,2026-09-24T17:17:31.127+00:00,2026-09-24T17:30,AWAY,PARSED,2026-09-24T17:30:00+00:00,True,REJECT,2026-09-24T16:30:00+00:00,False,REJECT
874,68874,Araraquara vs Mogi Das Cruzes,2026-09-24T21:35:24.619+00:00,2026-09-24T22:00,HOME,PARSED,2026-09-24T22:00:00+00:00,True,ACCEPT,2026-09-24T21:00:00+00:00,False,STALE
950,68956,CD ABA Ancud vs CEB Puerto Montt,2026-09-24T22:24:14.109+00:00,2026-09-24T23:00,HOME,PARSED,2026-09-24T23:00:00+00:00,True,ACCEPT,2026-09-24T22:00:00+00:00,False,STALE
951,68957,CD ABA Ancud vs CEB Puerto Montt,2026-09-24T22:24:24.095+00:00,2026-09-24T23:00,HOME,PARSED,2026-09-24T23:00:00+00:00,True,ACCEPT,2026-09-24T22:00:00+00:00,False,STALE
952,68958,CD ABA Ancud vs CEB Puerto Montt,2026-09-24T22:24:29.216+00:00,2026-09-24T23:00,HOME,PARSED,2026-09-24T23:00:00+00:00,True,ACCEPT,2026-09-24T22:00:00+00:00,False,STALE
954,68960,Bohemios vs Reducto,2026-09-24T22:25:58.355+00:00,2026-09-24T22:30,HOME,PARSED,2026-09-24T22:30:00+00:00,True,REJECT,2026-09-24T21:30:00+00:00,False,REJECT
958,68964,Bohemios vs Reducto,2026-09-24T22:27:30.611+00:00,2026-09-24T22:30,HOME,PARSED,2026-09-24T22:30:00+00:00,True,REJECT,2026-09-24T21:30:00+00:00,False,REJECT
963,68969,CD ABA Ancud vs CEB Puerto Montt,2026-09-24T22:29:21.897+00:00,2026-09-24T23:00,HOME,PARSED,2026-09-24T23:00:00+00:00,True,ACCEPT,2026-09-24T22:00:00+00:00,False,STALE
966,68972,CD ABA Ancud vs CEB Puerto Montt,2026-09-24T22:29:45.974+00:00,2026-09-24T23:00,HOME,PARSED,2026-09-24T23:00:00+00:00,True,ACCEPT,2026-09-24T22:00:00+00:00,False,STALE
971,68977,CD ABA Ancud vs CEB Puerto Montt,2026-09-24T22:30:45.305+00:00,2026-09-24T23:00,HOME,PARSED,2026-09-24T23:00:00+00:00,True,ACCEPT,2026-09-24T22:00:00+00:00,False,STALE
972,68978,CD ABA Ancud vs CEB Puerto Montt,2026-09-24T22:30:52.436+00:00,2026-09-24T23:00,HOME,PARSED,2026-09-24T23:00:00+00:00,True,ACCEPT,2026-09-24T22:00:00+00:00,False,STALE
973,68979,Deportivo San Jose vs Capiata Bulls,2026-09-24T22:35:07.159+00:00,2026-09-24T23:00,UNDER,PARSED,2026-09-24T23:00:00+00:00,True,ACCEPT,2026-09-24T22:00:00+00:00,False,STALE
974,68980,CD ABA Ancud vs CEB Puerto Montt,2026-09-24T22:36:34.058+00:00,2026-09-24T23:00,HOME,PARSED,2026-09-24T23:00:00+00:00,True,ACCEPT,2026-09-24T22:00:00+00:00,False,STALE
975,68981,CD ABA Ancud vs CEB Puerto Montt,2026-09-24T22:36:52.077+00:00,2026-09-24T23:00,HOME,PARSED,2026-09-24T23:00:00+00:00,True,ACCEPT,2026-09-24T22:00:00+00:00,False,STALE
976,68982,CD ABA Ancud vs CEB Puerto Montt,2026-09-24T22:37:04.030+00:00,2026-09-24T23:00,HOME,PARSED,2026-09-24T23:00:00+00:00,True,ACCEPT,2026-09-24T22:00:00+00:00,False,STALE
977,68983,CD ABA Ancud vs CEB Puerto Montt,2026-09-24T22:38:47.231+00:00,2026-09-24T23:00,HOME,PARSED,2026-09-24T23:00:00+00:00,True,ACCEPT,2026-09-24T22:00:00+00:00,False,STALE
978,68984,CD ABA Ancud vs CEB Puerto Montt,2026-09-24T22:38:52.404+00:00,2026-09-24T23:00,HOME,PARSED,2026-09-24T23:00:00+00:00,True,ACCEPT,2026-09-24T22:00:00+00:00,False,STALE
979,68985,Deportivo San Jose vs Capiata Bulls,2026-09-24T22:40:21.276+00:00,2026-09-24T23:00,AWAY,PARSED,2026-09-24T23:00:00+00:00,True,ACCEPT,2026-09-24T22:00:00+00:00,False,STALE
980,68986,CD ABA Ancud vs CEB Puerto Montt,2026-09-24T22:44:57.536+00:00,2026-09-24T23:00,HOME,PARSED,2026-09-24T23:00:00+00:00,True,ACCEPT,2026-09-24T22:00:00+00:00,False,STALE
985,68991,CD ABA Ancud vs CEB Puerto Montt,2026-09-24T22:51:23.857+00:00,2026-09-24T23:00,HOME,PARSED,2026-09-24T23:00:00+00:00,True,ACCEPT,2026-09-24T22:00:00+00:00,False,STALE
987,68993,CD ABA Ancud vs CEB Puerto Montt,2026-09-24T22:51:57.693+00:00,2026-09-24T23:00,HOME,PARSED,2026-09-24T23:00:00+00:00,True,ACCEPT,2026-09-24T22:00:00+00:00,False,STALE
989,68995,CD ABA Ancud vs CEB Puerto Montt,2026-09-24T22:52:46.966+00:00,2026-09-24T23:00,HOME,PARSED,2026-09-24T23:00:00+00:00,True,ACCEPT,2026-09-24T22:00:00+00:00,False,STALE
990,68996,Deportivo San Jose vs Capiata Bulls,2026-09-24T22:56:54.891+00:00,2026-09-24T23:00,UNDER,PARSED,2026-09-24T23:00:00+00:00,True,ACCEPT,2026-09-24T22:00:00+00:00,False,STALE
993,68999,Connecticut Sun vs Toronto Tempo,2026-09-24T22:57:44.743+00:00,2026-09-24T23:00,,AMBIGUOUS,2026-09-24T23:00:00+00:00,True,AMBIGUOUS,2026-09-24T22:00:00+00:00,False,AMBIGUOUS
994,69000,Deportivo San Jose vs Capiata Bulls,2026-09-24T22:57:45.355+00:00,2026-09-24T23:00,UNDER,PARSED,2026-09-24T23:00:00+00:00,True,ACCEPT,2026-09-24T22:00:00+00:00,False,STALE
996,69002,Felix Perez Cardozo vs Amambay,2026-09-24T23:09:09.850+00:00,2026-09-24T23:30,AWAY,PARSED,2026-09-24T23:30:00+00:00,True,ACCEPT,2026-09-24T22:30:00+00:00,False,STALE
997,69003,Felix Perez Cardozo vs Amambay,2026-09-24T23:17:15.418+00:00,2026-09-24T23:30,AWAY,PARSED,2026-09-24T23:30:00+00:00,True,REJECT,2026-09-24T22:30:00+00:00,False,REJECT
1164,69182,Republic of Korea vs China,2026-09-25T06:03:13.657+00:00,2026-09-25T07:00,OVER,PARSED,2026-09-25T07:00:00+00:00,True,ACCEPT,2026-09-25T06:00:00+00:00,False,STALE
1177,69196,Republic of Korea vs China,2026-09-25T06:50:30.535+00:00,2026-09-25T07:00,OVER,PARSED,2026-09-25T07:00:00+00:00,True,ACCEPT,2026-09-25T06:00:00+00:00,False,STALE
1181,69200,Anyang Jungkwanjang Red Boosters vs Suwon KT Sonicboom,2026-09-25T07:11:48.244+00:00,2026-09-25T07:30,,AMBIGUOUS,2026-09-25T07:30:00+00:00,True,AMBIGUOUS,2026-09-25T06:30:00+00:00,False,AMBIGUOUS
1204,69225,Mapua Cardinals vs Benilde Blazers,2026-09-25T08:57:27.580+00:00,2026-09-25T09:00,UNDER,PARSED,2026-09-25T09:00:00+00:00,True,ACCEPT,2026-09-25T08:00:00+00:00,False,STALE
1207,69228,Brisbane Bullets vs Illawarra Hawks,2026-09-25T09:05:30.459+00:00,2026-09-25T09:30,AWAY,PARSED,2026-09-25T09:30:00+00:00,True,ACCEPT,2026-09-25T08:30:00+00:00,False,STALE
1211,69232,Japan vs Chinese Taipei,2026-09-25T09:36:42.978+00:00,2026-09-25T10:20,UNDER,PARSED,2026-09-25T10:20:00+00:00,True,ACCEPT,2026-09-25T09:20:00+00:00,False,STALE
1213,69234,Nagasaki Velca vs Shimane Susanoo Magic,2026-09-25T09:51:23.953+00:00,2026-09-25T10:05,AWAY,PARSED,2026-09-25T10:05:00+00:00,True,ACCEPT,2026-09-25T09:05:00+00:00,False,STALE
1214,69235,Nagasaki Velca vs Shimane Susanoo Magic,2026-09-25T09:51:38.152+00:00,2026-09-25T10:05,AWAY,PARSED,2026-09-25T10:05:00+00:00,True,ACCEPT,2026-09-25T09:05:00+00:00,False,STALE
1215,69236,Nagasaki Velca vs Shimane Susanoo Magic,2026-09-25T09:52:01.917+00:00,2026-09-25T10:05,AWAY,PARSED,2026-09-25T10:05:00+00:00,True,ACCEPT,2026-09-25T09:05:00+00:00,False,STALE
1216,69237,Nagasaki Velca vs Shimane Susanoo Magic,2026-09-25T09:52:08.651+00:00,2026-09-25T10:05,AWAY,PARSED,2026-09-25T10:05:00+00:00,True,ACCEPT,2026-09-25T09:05:00+00:00,False,STALE
1217,69238,Japan vs Chinese Taipei,2026-09-25T09:58:34.465+00:00,2026-09-25T10:20,UNDER,PARSED,2026-09-25T10:20:00+00:00,True,ACCEPT,2026-09-25T09:20:00+00:00,False,STALE
1270,69315,AEK Larnaca vs Keravnos Strovolou Nicosia,2026-09-25T13:16:11.226+00:00,2026-09-25T14:15,UNDER,PARSED,2026-09-25T14:15:00+00:00,True,ACCEPT,2026-09-25T13:15:00+00:00,False,STALE
1316,69366,Valmiera Glass VIA vs BK Ventspils,2026-09-25T15:23:09.501+00:00,2026-09-25T16:00,AWAY,PARSED,2026-09-25T16:00:00+00:00,True,ACCEPT,2026-09-25T15:00:00+00:00,False,STALE
1317,69367,Norrkoping Dolphins vs Umea Basket,2026-09-25T15:24:21.866+00:00,2026-09-25T16:00,OVER,PARSED,2026-09-25T16:00:00+00:00,True,ACCEPT,2026-09-25T15:00:00+00:00,False,STALE
1320,69371,Valmiera Glass VIA vs BK Ventspils,2026-09-25T15:38:19.727+00:00,2026-09-25T16:00,AWAY,PARSED,2026-09-25T16:00:00+00:00,True,REJECT,2026-09-25T15:00:00+00:00,False,REJECT
1325,69376,Norrkoping Dolphins vs Umea Basket,2026-09-25T15:42:51.476+00:00,2026-09-25T16:00,HOME,PARSED,2026-09-25T16:00:00+00:00,True,REJECT,2026-09-25T15:00:00+00:00,False,REJECT
1326,69377,Norrkoping Dolphins vs Umea Basket,2026-09-25T15:43:15.627+00:00,2026-09-25T16:00,HOME,PARSED,2026-09-25T16:00:00+00:00,True,REJECT,2026-09-25T15:00:00+00:00,False,REJECT
1327,69378,Norrkoping Dolphins vs Umea Basket,2026-09-25T15:43:38.469+00:00,2026-09-25T16:00,HOME,PARSED,2026-09-25T16:00:00+00:00,True,REJECT,2026-09-25T15:00:00+00:00,False,REJECT
1329,69380,Tofas SK vs Bordo Sportif RS,2026-09-25T15:52:29.216+00:00,2026-09-25T16:00,OVER,PARSED,2026-09-25T16:00:00+00:00,True,ACCEPT,2026-09-25T15:00:00+00:00,False,STALE
1336,69387,SKB Zlin vs BK Napos Vysoka Nad Labem,2026-09-25T16:08:05.768+00:00,2026-09-25T16:30,AWAY,PARSED,2026-09-25T16:30:00+00:00,True,REJECT,2026-09-25T15:30:00+00:00,False,REJECT
1346,69397,BK Loko Trutnov vs Slovanka MB,2026-09-25T16:10:37.290+00:00,2026-09-25T16:30,HOME,PARSED,2026-09-25T16:30:00+00:00,True,ACCEPT,2026-09-25T15:30:00+00:00,False,STALE
1347,69398,BK Loko Trutnov vs Slovanka MB,2026-09-25T16:12:10.287+00:00,2026-09-25T16:30,HOME,PARSED,2026-09-25T16:30:00+00:00,True,ACCEPT,2026-09-25T15:30:00+00:00,False,STALE
1350,69401,SKB Zlin vs BK Napos Vysoka Nad Labem,2026-09-25T16:15:48.586+00:00,2026-09-25T16:30,,AMBIGUOUS,2026-09-25T16:30:00+00:00,True,AMBIGUOUS,2026-09-25T15:30:00+00:00,False,AMBIGUOUS
1351,69402,SKB Zlin vs BK Napos Vysoka Nad Labem,2026-09-25T16:16:02.505+00:00,2026-09-25T16:30,HOME,PARSED,2026-09-25T16:30:00+00:00,True,ACCEPT,2026-09-25T15:30:00+00:00,False,STALE
1352,69403,SKB Zlin vs BK Napos Vysoka Nad Labem,2026-09-25T16:16:22.078+00:00,2026-09-25T16:30,HOME,PARSED,2026-09-25T16:30:00+00:00,True,ACCEPT,2026-09-25T15:30:00+00:00,False,STALE
1353,69404,SKB Zlin vs BK Napos Vysoka Nad Labem,2026-09-25T16:16:42.321+00:00,2026-09-25T16:30,,AMBIGUOUS,2026-09-25T16:30:00+00:00,True,AMBIGUOUS,2026-09-25T15:30:00+00:00,False,AMBIGUOUS
1355,69406,SKB Zlin vs BK Napos Vysoka Nad Labem,2026-09-25T16:17:12.412+00:00,2026-09-25T16:30,AWAY,PARSED,2026-09-25T16:30:00+00:00,True,ACCEPT,2026-09-25T15:30:00+00:00,False,STALE
1359,69410,SKB Zlin vs BK Napos Vysoka Nad Labem,2026-09-25T16:17:34.495+00:00,2026-09-25T16:30,AWAY,PARSED,2026-09-25T16:30:00+00:00,True,ACCEPT,2026-09-25T15:30:00+00:00,False,STALE
1362,69413,SKB Zlin vs BK Napos Vysoka Nad Labem,2026-09-25T16:17:57.368+00:00,2026-09-25T16:30,AWAY,PARSED,2026-09-25T16:30:00+00:00,True,ACCEPT,2026-09-25T15:30:00+00:00,False,STALE
1370,69421,Reinar Halliku KK vs Tamsalu Los Toros/Taltech,2026-09-25T16:27:42.922+00:00,2026-09-25T16:30,AWAY,PARSED,2026-09-25T16:30:00+00:00,True,ACCEPT,2026-09-25T15:30:00+00:00,False,STALE
1378,69432,Elitzur Ramla vs AEO Proteas Voulas,2026-09-25T16:42:15.651+00:00,2026-09-25T17:30,UNDER,PARSED,2026-09-25T17:30:00+00:00,True,ACCEPT,2026-09-25T16:30:00+00:00,False,STALE
1379,69433,Sodertalje BBK vs Sloga Uppsala,2026-09-25T16:42:36.723+00:00,2026-09-25T17:04,AWAY,PARSED,2026-09-25T17:04:00+00:00,True,ACCEPT,2026-09-25T16:04:00+00:00,False,STALE
1380,69435,Sodertalje BBK vs Sloga Uppsala,2026-09-25T16:43:13.811+00:00,2026-09-25T17:04,AWAY,PARSED,2026-09-25T17:04:00+00:00,True,ACCEPT,2026-09-25T16:04:00+00:00,False,STALE
1382,69436,Elitzur Ramla vs AEO Proteas Voulas,2026-09-25T16:43:26.031+00:00,2026-09-25T17:30,UNDER,PARSED,2026-09-25T17:30:00+00:00,True,ACCEPT,2026-09-25T16:30:00+00:00,False,STALE
1391,69445,Basketbal Olomouc vs Sk Zabovresky,2026-09-25T16:47:04.967+00:00,2026-09-25T17:00,,AMBIGUOUS,2026-09-25T17:00:00+00:00,True,AMBIGUOUS,2026-09-25T16:00:00+00:00,False,AMBIGUOUS
1394,69448,Basketbal Olomouc vs Sk Zabovresky,2026-09-25T16:47:43.263+00:00,2026-09-25T17:00,,AMBIGUOUS,2026-09-25T17:00:00+00:00,True,AMBIGUOUS,2026-09-25T16:00:00+00:00,False,AMBIGUOUS
1397,69451,Basketbal Olomouc vs Sk Zabovresky,2026-09-25T16:48:11.982+00:00,2026-09-25T17:00,AWAY,PARSED,2026-09-25T17:00:00+00:00,True,ACCEPT,2026-09-25T16:00:00+00:00,False,STALE
1402,69457,Elitzur Ramla vs AEO Proteas Voulas,2026-09-25T17:09:30.585+00:00,2026-09-25T17:30,,AMBIGUOUS,2026-09-25T17:30:00+00:00,True,AMBIGUOUS,2026-09-25T16:30:00+00:00,False,AMBIGUOUS
1404,69459,Tygri Brno vs Slavoj BK Litomerice,2026-09-25T17:09:31.030+00:00,2026-09-25T17:30,AWAY,PARSED,2026-09-25T17:30:00+00:00,True,ACCEPT,2026-09-25T16:30:00+00:00,False,STALE
1407,69462,Elitzur Ramla vs AEO Proteas Voulas,2026-09-25T17:09:46.931+00:00,2026-09-25T17:30,,AMBIGUOUS,2026-09-25T17:30:00+00:00,True,AMBIGUOUS,2026-09-25T16:30:00+00:00,False,AMBIGUOUS
1421,69476,Tygri Brno vs Slavoj BK Litomerice,2026-09-25T17:18:55.785+00:00,2026-09-25T17:30,AWAY,PARSED,2026-09-25T17:30:00+00:00,True,ACCEPT,2026-09-25T16:30:00+00:00,False,STALE
1422,69477,Tygri Brno vs Slavoj BK Litomerice,2026-09-25T17:21:15.432+00:00,2026-09-25T17:30,AWAY,PARSED,2026-09-25T17:30:00+00:00,True,ACCEPT,2026-09-25T16:30:00+00:00,False,STALE
1423,69478,Tygri Brno vs Slavoj BK Litomerice,2026-09-25T17:21:28.219+00:00,2026-09-25T17:30,AWAY,PARSED,2026-09-25T17:30:00+00:00,True,ACCEPT,2026-09-25T16:30:00+00:00,False,STALE
1425,69480,Tygri Brno vs Slavoj BK Litomerice,2026-09-25T17:29:58.099+00:00,2026-09-25T17:30,AWAY,PARSED,2026-09-25T17:30:00+00:00,True,REJECT,2026-09-25T16:30:00+00:00,False,REJECT
1429,69491,Basket SKT Ieper HSE vs BC Oostende,2026-09-25T17:33:34.474+00:00,2026-09-25T18:00,,AMBIGUOUS,2026-09-25T18:00:00+00:00,True,AMBIGUOUS,2026-09-25T17:00:00+00:00,False,AMBIGUOUS
1430,69492,Basket SKT Ieper HSE vs BC Oostende,2026-09-25T17:33:47.330+00:00,2026-09-25T18:00,AWAY,PARSED,2026-09-25T18:00:00+00:00,True,ACCEPT,2026-09-25T17:00:00+00:00,False,STALE
1432,69494,BC Lulea vs Koping Stars,2026-09-25T17:44:50.543+00:00,2026-09-25T18:04,HOME,PARSED,2026-09-25T18:04:00+00:00,True,ACCEPT,2026-09-25T17:04:00+00:00,False,STALE
1433,69495,BK Pardubice II vs BK Opava B,2026-09-25T17:44:50.977+00:00,2026-09-25T18:00,UNDER,PARSED,2026-09-25T18:00:00+00:00,True,ACCEPT,2026-09-25T17:00:00+00:00,False,STALE
1434,69496,BC Lulea vs Koping Stars,2026-09-25T17:44:54.543+00:00,2026-09-25T18:04,HOME,PARSED,2026-09-25T18:04:00+00:00,True,ACCEPT,2026-09-25T17:04:00+00:00,False,STALE
1439,69501,BC Lulea vs Koping Stars,2026-09-25T17:50:59.273+00:00,2026-09-25T18:04,HOME,PARSED,2026-09-25T18:04:00+00:00,True,ACCEPT,2026-09-25T17:04:00+00:00,False,STALE
1440,69502,BC Lulea vs Koping Stars,2026-09-25T17:51:03.733+00:00,2026-09-25T18:04,HOME,PARSED,2026-09-25T18:04:00+00:00,True,ACCEPT,2026-09-25T17:04:00+00:00,False,STALE
1441,69503,BC Lulea vs Koping Stars,2026-09-25T17:51:12.229+00:00,2026-09-25T18:04,HOME,PARSED,2026-09-25T18:04:00+00:00,True,ACCEPT,2026-09-25T17:04:00+00:00,False,STALE
1443,69505,Besancon vs Val De Seine,2026-09-25T17:53:25.469+00:00,2026-09-25T18:00,,AMBIGUOUS,2026-09-25T18:00:00+00:00,True,AMBIGUOUS,2026-09-25T17:00:00+00:00,False,AMBIGUOUS
1445,69507,Basket SKT Ieper HSE vs BC Oostende,2026-09-25T17:53:26.450+00:00,2026-09-25T18:00,AWAY,PARSED,2026-09-25T18:00:00+00:00,True,ACCEPT,2026-09-25T17:00:00+00:00,False,STALE
1447,69509,Basket SKT Ieper HSE vs BC Oostende,2026-09-25T17:53:58.790+00:00,2026-09-25T18:00,AWAY,PARSED,2026-09-25T18:00:00+00:00,True,ACCEPT,2026-09-25T17:00:00+00:00,False,STALE
1448,69510,BK Pardubice II vs BK Opava B,2026-09-25T17:54:18.998+00:00,2026-09-25T18:00,AWAY,PARSED,2026-09-25T18:00:00+00:00,True,ACCEPT,2026-09-25T17:00:00+00:00,False,STALE
1449,69511,Orchies vs Lyon,2026-09-25T17:54:53.348+00:00,2026-09-25T18:00,AWAY,PARSED,2026-09-25T18:00:00+00:00,True,REJECT,2026-09-25T17:00:00+00:00,False,REJECT
1452,69514,Orchies vs Lyon,2026-09-25T17:55:55.772+00:00,2026-09-25T18:00,AWAY,PARSED,2026-09-25T18:00:00+00:00,True,REJECT,2026-09-25T17:00:00+00:00,False,REJECT
1453,69515,Besancon vs Val De Seine,2026-09-25T17:56:25.103+00:00,2026-09-25T18:00,AWAY,PARSED,2026-09-25T18:00:00+00:00,True,REJECT,2026-09-25T17:00:00+00:00,False,REJECT
1454,69516,Besancon vs Val De Seine,2026-09-25T17:56:36.341+00:00,2026-09-25T18:00,AWAY,PARSED,2026-09-25T18:00:00+00:00,True,REJECT,2026-09-25T17:00:00+00:00,False,REJECT
1456,69518,Avanti Brugge Knights vs Limburg United,2026-09-25T18:06:36.517+00:00,2026-09-25T18:30,AWAY,PARSED,2026-09-25T18:30:00+00:00,True,REJECT,2026-09-25T17:30:00+00:00,False,REJECT
1457,69521,Toulouse vs Rennes,2026-09-25T18:17:15.979+00:00,2026-09-25T18:30,AWAY,PARSED,2026-09-25T18:30:00+00:00,True,REJECT,2026-09-25T17:30:00+00:00,False,REJECT
1466,69530,Toulouse vs Rennes,2026-09-25T18:25:41.349+00:00,2026-09-25T18:30,AWAY,PARSED,2026-09-25T18:30:00+00:00,True,REJECT,2026-09-25T17:30:00+00:00,False,REJECT
1467,69531,Antwerp Giants B vs Kortrijk Spurs,2026-09-25T18:25:59.492+00:00,2026-09-25T18:30,AWAY,PARSED,2026-09-25T18:30:00+00:00,True,ACCEPT,2026-09-25T17:30:00+00:00,False,STALE
1468,69532,Antwerp Giants B vs Kortrijk Spurs,2026-09-25T18:26:54.655+00:00,2026-09-25T18:30,AWAY,PARSED,2026-09-25T18:30:00+00:00,True,ACCEPT,2026-09-25T17:30:00+00:00,False,STALE
