market,max_odds_deterioration,max_line_deterioration,observed,retained,rejected
ALL,0,0,6,5,1
ALL,0,0.5,6,5,1
ALL,0,1,6,5,1
ALL,0.01,0,6,5,1
ALL,0.01,0.5,6,5,1
ALL,0.01,1,6,5,1
ALL,0.02,0,6,5,1
ALL,0.02,0.5,6,5,1
ALL,0.02,1,6,5,1
ALL,0.05,0,6,5,1
ALL,0.05,0.5,6,5,1
ALL,0.05,1,6,5,1
ALL,0.10,0,6,5,1
ALL,0.10,0.5,6,5,1
ALL,0.10,1,6,5,1
ALL,0.32,0,6,6,0
ALL,0.32,0.5,6,6,0
ALL,0.32,1,6,6,0
SPREAD,0,0,4,3,1
SPREAD,0,0.5,4,3,1
SPREAD,0,1,4,3,1
SPREAD,0.01,0,4,3,1
SPREAD,0.01,0.5,4,3,1
SPREAD,0.01,1,4,3,1
SPREAD,0.02,0,4,3,1
SPREAD,0.02,0.5,4,3,1
SPREAD,0.02,1,4,3,1
SPREAD,0.05,0,4,3,1
SPREAD,0.05,0.5,4,3,1
SPREAD,0.05,1,4,3,1
SPREAD,0.10,0,4,3,1
SPREAD,0.10,0.5,4,3,1
SPREAD,0.10,1,4,3,1
SPREAD,0.32,0,4,4,0
SPREAD,0.32,0.5,4,4,0
SPREAD,0.32,1,4,4,0
TOTALS,0,0,2,2,0
TOTALS,0,0.5,2,2,0
TOTALS,0,1,2,2,0
TOTALS,0.01,0,2,2,0
TOTALS,0.01,0.5,2,2,0
TOTALS,0.01,1,2,2,0
TOTALS,0.02,0,2,2,0
TOTALS,0.02,0.5,2,2,0
TOTALS,0.02,1,2,2,0
TOTALS,0.05,0,2,2,0
TOTALS,0.05,0.5,2,2,0
TOTALS,0.05,1,2,2,0
TOTALS,0.10,0,2,2,0
TOTALS,0.10,0.5,2,2,0
TOTALS,0.10,1,2,2,0
TOTALS,0.32,0,2,2,0
TOTALS,0.32,0.5,2,2,0
TOTALS,0.32,1,2,2,0
