intake_id,flags,sport,competition,fixture,event_time_local,received_at,market,pinnacle_previous,pinnacle_current,pinnacle_opening,bet365_line,inferred_target,target_source,line_advantage,pinnacle_direction,pinnacle_movement_agrees,favourite_changed,orientation_proven,market_identity,bet365_event_url,phone_observation,status,decision,reason,fixture_alerts,fixture_span_min,bet365_lines_seen,pinnacle_range,bet365_trend,category
349,favourite_flip,basketball,Estonian - Latvian Basketball League,BC Tartu vs BC Kalev/Cramo,2026-09-24T16:00,2026-09-24T00:48:40.926+00:00,SPREAD,,3,-3,-1.5,AWAY +1.5 @ 1.83,implied_favourable_line,4.5,,,yes,production-verified quote mapping (basketball two-sided),label + fixture URL market agree,one event id across 8 alerts,fixture never opened on the phone,PARSED,ACCEPT,All rules passed,8,16,-1.5 1 1.5 2 2.5,3.5,opposite/uncertain,"live Bet365 market, direction unclear (line updating)"
364,perspective_ambiguous,basketball,WNBA,Seattle Storm vs Dallas Wings,2026-09-24T02:00,2026-09-24T01:32:49.684+00:00,SPREAD,,7.5,9.5,-9.5,,,,,,yes,production-verified quote mapping (basketball two-sided),label + fixture URL market agree,one event id across 1 alerts,fixture never opened on the phone,AMBIGUOUS,,Pinnacle (7.5) and Bet365 (-9.5) favour different teams by 17.0 points: the Bet365 spread appears quoted from the other ,1,0,-9.5,0.0,,perspective issue (Bet365 spread quoted from the other side; now AMBIGUOUS)
389,advantage>=6,basketball,Philippines - NCAA,LPU Pirates vs SBU Red Lions,2026-09-24T07:00,2026-09-24T02:26:51.195+00:00,TOTALS,158,159.5,154.5,153.5,OVER 153.5 @ 1.83,implied_favourable_line,6.0,UP,True,,production-verified quote mapping (basketball two-sided),label + fixture URL market agree,one event id across 14 alerts,fixture never opened on the phone,PARSED,ACCEPT,All rules passed,14,270,153.5,4.0,Bet365 unchanged,stale Bet365 market (line unchanged while Pinnacle moved)
402,favourite_flip,basketball,Puerto Rico - Superior Nacional Women,Gigantes de Carolina vs Atenienses de Manati,2026-09-25T00:00,2026-09-24T02:55:01.710+00:00,SPREAD,,-2.5,2,1.5,HOME 1.5 @ 1.83,implied_favourable_line,4.0,,,yes,production-verified quote mapping (basketball two-sided),label + fixture URL market agree,one event id across 49 alerts,fixture never opened on the phone,PARSED,ACCEPT,All rules passed,49,895,-4.5 -2.5 -2 -1.5 1.5,9.0,same direction as Pinnacle,genuine lag/value (Bet365 line updating in the same direction as Pinnacle)
407,favourite_flip,basketball,Puerto Rico - Superior Nacional Women,Gigantes de Carolina vs Atenienses de Manati,2026-09-25T00:00,2026-09-24T03:06:28.827+00:00,SPREAD,,-2.5,2,1.5,HOME 1.5 @ 1.83,implied_favourable_line,4.0,,,yes,production-verified quote mapping (basketball two-sided),label + fixture URL market agree,one event id across 49 alerts,fixture never opened on the phone,PARSED,ACCEPT,All rules passed,49,895,-4.5 -2.5 -2 -1.5 1.5,9.0,same direction as Pinnacle,genuine lag/value (Bet365 line updating in the same direction as Pinnacle)
409,favourite_flip,basketball,Puerto Rico - Superior Nacional Women,Gigantes de Carolina vs Atenienses de Manati,2026-09-25T00:00,2026-09-24T03:06:31.784+00:00,SPREAD,,-3,2,1.5,HOME 1.5 @ 1.83,implied_favourable_line,4.5,,,yes,production-verified quote mapping (basketball two-sided),label + fixture URL market agree,one event id across 49 alerts,fixture never opened on the phone,PARSED,ACCEPT,All rules passed,49,895,-4.5 -2.5 -2 -1.5 1.5,9.0,same direction as Pinnacle,genuine lag/value (Bet365 line updating in the same direction as Pinnacle)
411,favourite_flip,basketball,Puerto Rico - Superior Nacional Women,Gigantes de Carolina vs Atenienses de Manati,2026-09-25T00:00,2026-09-24T03:06:46.771+00:00,SPREAD,,-3,2,1.5,HOME 1.5 @ 1.83,implied_favourable_line,4.5,,,yes,production-verified quote mapping (basketball two-sided),label + fixture URL market agree,one event id across 49 alerts,fixture never opened on the phone,PARSED,ACCEPT,All rules passed,49,895,-4.5 -2.5 -2 -1.5 1.5,9.0,same direction as Pinnacle,genuine lag/value (Bet365 line updating in the same direction as Pinnacle)
412,favourite_flip,basketball,Puerto Rico - Superior Nacional Women,Gigantes de Carolina vs Atenienses de Manati,2026-09-25T00:00,2026-09-24T03:07:09.809+00:00,SPREAD,,-3.5,2,1.5,HOME 1.5 @ 1.83,implied_favourable_line,5.0,,,yes,production-verified quote mapping (basketball two-sided),label + fixture URL market agree,one event id across 49 alerts,fixture never opened on the phone,PARSED,ACCEPT,All rules passed,49,895,-4.5 -2.5 -2 -1.5 1.5,9.0,same direction as Pinnacle,genuine lag/value (Bet365 line updating in the same direction as Pinnacle)
414,favourite_flip,basketball,Puerto Rico - Superior Nacional Women,Gigantes de Carolina vs Atenienses de Manati,2026-09-25T00:00,2026-09-24T03:09:41.804+00:00,SPREAD,,-3.5,2,1.5,HOME 1.5 @ 1.83,implied_favourable_line,5.0,,,yes,production-verified quote mapping (basketball two-sided),label + fixture URL market agree,one event id across 49 alerts,fixture never opened on the phone,PARSED,ACCEPT,All rules passed,49,895,-4.5 -2.5 -2 -1.5 1.5,9.0,same direction as Pinnacle,genuine lag/value (Bet365 line updating in the same direction as Pinnacle)
415,favourite_flip,basketball,Puerto Rico - Superior Nacional Women,Gigantes de Carolina vs Atenienses de Manati,2026-09-25T00:00,2026-09-24T03:09:46.767+00:00,SPREAD,,-4,2,1.5,HOME 1.5 @ 1.83,implied_favourable_line,5.5,,,yes,production-verified quote mapping (basketball two-sided),label + fixture URL market agree,one event id across 49 alerts,fixture never opened on the phone,PARSED,ACCEPT,All rules passed,49,895,-4.5 -2.5 -2 -1.5 1.5,9.0,same direction as Pinnacle,genuine lag/value (Bet365 line updating in the same direction as Pinnacle)
416,favourite_flip,basketball,Puerto Rico - Superior Nacional Women,Gigantes de Carolina vs Atenienses de Manati,2026-09-25T00:00,2026-09-24T03:09:53.752+00:00,SPREAD,,-4,2,1.5,HOME 1.5 @ 1.83,implied_favourable_line,5.5,,,yes,production-verified quote mapping (basketball two-sided),label + fixture URL market agree,one event id across 49 alerts,fixture never opened on the phone,PARSED,ACCEPT,All rules passed,49,895,-4.5 -2.5 -2 -1.5 1.5,9.0,same direction as Pinnacle,genuine lag/value (Bet365 line updating in the same direction as Pinnacle)
417,advantage>=6|favourite_flip,basketball,Puerto Rico - Superior Nacional Women,Gigantes de Carolina vs Atenienses de Manati,2026-09-25T00:00,2026-09-24T03:10:04.773+00:00,SPREAD,,-4.5,2,1.5,HOME 1.5 @ 1.83,implied_favourable_line,6.0,,,yes,production-verified quote mapping (basketball two-sided),label + fixture URL market agree,one event id across 49 alerts,fixture never opened on the phone,PARSED,ACCEPT,All rules passed,49,895,-4.5 -2.5 -2 -1.5 1.5,9.0,same direction as Pinnacle,genuine lag/value (Bet365 line updating in the same direction as Pinnacle)
418,advantage>=6,basketball,Philippines - NCAA,LPU Pirates vs SBU Red Lions,2026-09-24T07:00,2026-09-24T03:10:12.693+00:00,TOTALS,161.5,162.5,154.5,153.5,OVER 153.5 @ 1.83,implied_favourable_line,9.0,UP,True,,production-verified quote mapping (basketball two-sided),label + fixture URL market agree,one event id across 14 alerts,fixture never opened on the phone,PARSED,ACCEPT,All rules passed,14,270,153.5,4.0,Bet365 unchanged,stale Bet365 market (line unchanged while Pinnacle moved)
419,advantage>=6,basketball,Philippines - NCAA,LPU Pirates vs SBU Red Lions,2026-09-24T07:00,2026-09-24T03:11:48.010+00:00,TOTALS,,162.5,154.5,153.5,OVER 153.5 @ 1.83,implied_favourable_line,9.0,,,,production-verified quote mapping (basketball two-sided),label + fixture URL market agree,one event id across 14 alerts,fixture never opened on the phone,PARSED,ACCEPT,All rules passed,14,270,153.5,4.0,Bet365 unchanged,stale Bet365 market (line unchanged while Pinnacle moved)
420,advantage>=6,basketball,Philippines - NCAA,LPU Pirates vs SBU Red Lions,2026-09-24T07:00,2026-09-24T03:11:58.758+00:00,TOTALS,162.5,163.5,154.5,153.5,OVER 153.5 @ 1.83,implied_favourable_line,10.0,UP,True,,production-verified quote mapping (basketball two-sided),label + fixture URL market agree,one event id across 14 alerts,fixture never opened on the phone,PARSED,ACCEPT,All rules passed,14,270,153.5,4.0,Bet365 unchanged,stale Bet365 market (line unchanged while Pinnacle moved)
425,advantage>=6,basketball,Philippines - NCAA,LPU Pirates vs SBU Red Lions,2026-09-24T07:00,2026-09-24T03:13:36.857+00:00,TOTALS,,163.5,154.5,153.5,OVER 153.5 @ 1.83,implied_favourable_line,10.0,,,,production-verified quote mapping (basketball two-sided),label + fixture URL market agree,one event id across 14 alerts,fixture never opened on the phone,PARSED,ACCEPT,All rules passed,14,270,153.5,4.0,Bet365 unchanged,stale Bet365 market (line unchanged while Pinnacle moved)
480,advantage>=6,basketball,Philippines - NCAA,LPU Pirates vs SBU Red Lions,2026-09-24T07:00,2026-09-24T06:00:28.656+00:00,TOTALS,,163.5,154.5,153.5,OVER 153.5 @ 1.83,implied_favourable_line,10.0,,,,production-verified quote mapping (basketball two-sided),label + fixture URL market agree,one event id across 14 alerts,fixture never opened on the phone,PARSED,ACCEPT,All rules passed,14,270,153.5,4.0,Bet365 unchanged,stale Bet365 market (line unchanged while Pinnacle moved)
481,advantage>=6,basketball,Philippines - NCAA,LPU Pirates vs SBU Red Lions,2026-09-24T07:00,2026-09-24T06:00:35.370+00:00,TOTALS,,163.5,154.5,153.5,OVER 153.5 @ 1.83,implied_favourable_line,10.0,,,,production-verified quote mapping (basketball two-sided),label + fixture URL market agree,one event id across 14 alerts,fixture never opened on the phone,PARSED,ACCEPT,All rules passed,14,270,153.5,4.0,Bet365 unchanged,stale Bet365 market (line unchanged while Pinnacle moved)
482,advantage>=6,basketball,Philippines - NCAA,LPU Pirates vs SBU Red Lions,2026-09-24T07:00,2026-09-24T06:01:42.266+00:00,TOTALS,,163.5,154.5,153.5,OVER 153.5 @ 1.83,implied_favourable_line,10.0,,,,production-verified quote mapping (basketball two-sided),label + fixture URL market agree,one event id across 14 alerts,fixture never opened on the phone,PARSED,ACCEPT,All rules passed,14,270,153.5,4.0,Bet365 unchanged,stale Bet365 market (line unchanged while Pinnacle moved)
520,advantage>=6,basketball,Philippines - NCAA,LPU Pirates vs SBU Red Lions,2026-09-24T07:00,2026-09-24T06:50:09.938+00:00,TOTALS,163.5,162.5,154.5,153.5,OVER 153.5 @ 1.83,implied_favourable_line,9.0,DOWN,False,,production-verified quote mapping (basketball two-sided),label + fixture URL market agree,one event id across 14 alerts,fixture never opened on the phone,PARSED,ACCEPT,All rules passed,14,270,153.5,4.0,Bet365 unchanged,stale Bet365 market (line unchanged while Pinnacle moved)
521,advantage>=6,basketball,Philippines - NCAA,LPU Pirates vs SBU Red Lions,2026-09-24T07:00,2026-09-24T06:50:20.889+00:00,TOTALS,162.5,161.5,154.5,153.5,OVER 153.5 @ 1.83,implied_favourable_line,8.0,DOWN,False,,production-verified quote mapping (basketball two-sided),label + fixture URL market agree,one event id across 14 alerts,fixture never opened on the phone,PARSED,ACCEPT,All rules passed,14,270,153.5,4.0,Bet365 unchanged,stale Bet365 market (line unchanged while Pinnacle moved)
522,advantage>=6,basketball,Philippines - NCAA,LPU Pirates vs SBU Red Lions,2026-09-24T07:00,2026-09-24T06:52:07.961+00:00,TOTALS,161.5,160.5,154.5,153.5,OVER 153.5 @ 1.83,implied_favourable_line,7.0,DOWN,False,,production-verified quote mapping (basketball two-sided),label + fixture URL market agree,one event id across 14 alerts,fixture never opened on the phone,PARSED,ACCEPT,All rules passed,14,270,153.5,4.0,Bet365 unchanged,stale Bet365 market (line unchanged while Pinnacle moved)
524,advantage>=6,basketball,Philippines - NCAA,LPU Pirates vs SBU Red Lions,2026-09-24T07:00,2026-09-24T06:56:59.054+00:00,TOTALS,157.5,159.5,154.5,153.5,OVER 153.5 @ 1.83,implied_favourable_line,6.0,UP,True,,production-verified quote mapping (basketball two-sided),label + fixture URL market agree,one event id across 14 alerts,fixture never opened on the phone,PARSED,ACCEPT,All rules passed,14,270,153.5,4.0,Bet365 unchanged,stale Bet365 market (line unchanged while Pinnacle moved)
525,advantage>=6,basketball,Philippines - NCAA,LPU Pirates vs SBU Red Lions,2026-09-24T07:00,2026-09-24T06:57:18.080+00:00,TOTALS,159.5,161,154.5,153.5,OVER 153.5 @ 1.83,implied_favourable_line,7.5,UP,True,,production-verified quote mapping (basketball two-sided),label + fixture URL market agree,one event id across 14 alerts,fixture never opened on the phone,PARSED,ACCEPT,All rules passed,14,270,153.5,4.0,Bet365 unchanged,stale Bet365 market (line unchanged while Pinnacle moved)
526,advantage>=6,basketball,Philippines - NCAA,LPU Pirates vs SBU Red Lions,2026-09-24T07:00,2026-09-24T06:57:36.035+00:00,TOTALS,161,162.5,154.5,153.5,OVER 153.5 @ 1.83,implied_favourable_line,9.0,UP,True,,production-verified quote mapping (basketball two-sided),label + fixture URL market agree,one event id across 14 alerts,fixture never opened on the phone,PARSED,ACCEPT,All rules passed,14,270,153.5,4.0,Bet365 unchanged,stale Bet365 market (line unchanged while Pinnacle moved)
601,advantage>=6,basketball,Czech Republic - ZBL Women,BK Loko Trutnov vs Slovanka MB,2026-09-25T16:30,2026-09-24T10:50:15.693+00:00,SPREAD,-26,-24,-26,-11.5,HOME -11.5 @ 1.83,implied_favourable_line,12.5,UP,False,no,production-verified quote mapping (basketball two-sided),label + fixture URL market agree,one event id across 4 alerts,fixture never opened on the phone,PARSED,ACCEPT,All rules passed,4,10,-11.5,3.5,Bet365 unchanged,unresolved (single observation)
602,advantage>=6,basketball,Czech Republic - ZBL Women,BK Loko Trutnov vs Slovanka MB,2026-09-25T16:30,2026-09-24T10:50:15.713+00:00,TOTALS,155,153.5,155,147.5,OVER 147.5 @ 1.83,implied_favourable_line,6.0,DOWN,False,,production-verified quote mapping (basketball two-sided),label + fixture URL market agree,one event id across 3 alerts,fixture never opened on the phone,PARSED,ACCEPT,All rules passed,3,10,147.5,1.0,Bet365 unchanged,unresolved (single observation)
603,advantage>=6,basketball,Czech Republic - ZBL Women,BK Loko Trutnov vs Slovanka MB,2026-09-25T16:30,2026-09-24T10:51:02.607+00:00,SPREAD,-24,-23.5,-26,-11.5,HOME -11.5 @ 1.83,implied_favourable_line,12.0,UP,False,no,production-verified quote mapping (basketball two-sided),label + fixture URL market agree,one event id across 4 alerts,fixture never opened on the phone,PARSED,ACCEPT,All rules passed,4,10,-11.5,3.5,Bet365 unchanged,unresolved (single observation)
605,advantage>=6,basketball,Czech Republic - ZBL Women,BK Loko Trutnov vs Slovanka MB,2026-09-25T16:30,2026-09-24T10:56:14.832+00:00,SPREAD,-21.5,-20.5,-26,-11.5,HOME -11.5 @ 1.83,implied_favourable_line,9.0,UP,False,no,production-verified quote mapping (basketball two-sided),label + fixture URL market agree,one event id across 4 alerts,fixture never opened on the phone,PARSED,ACCEPT,All rules passed,4,10,-11.5,3.5,Bet365 unchanged,unresolved (single observation)
606,advantage>=6,basketball,Czech Republic - ZBL Women,BK Loko Trutnov vs Slovanka MB,2026-09-25T16:30,2026-09-24T11:00:39.294+00:00,SPREAD,-20.5,-22.5,-26,-11.5,HOME -11.5 @ 1.83,implied_favourable_line,11.0,DOWN,True,no,production-verified quote mapping (basketball two-sided),label + fixture URL market agree,one event id across 4 alerts,fixture never opened on the phone,PARSED,ACCEPT,All rules passed,4,10,-11.5,3.5,Bet365 unchanged,unresolved (single observation)
631,advantage>=6,basketball,Europe - Eurocup Qualification Women,BC Beroe vs Ferrol,2026-09-24T15:00,2026-09-24T12:23:55.814+00:00,SPREAD,,19.5,6.5,13.5,AWAY -13.5 @ 1.83,implied_favourable_line,6.0,,,no,production-verified quote mapping (basketball two-sided),label + fixture URL market agree,one event id across 15 alerts,fixture never opened on the phone,PARSED,ACCEPT,All rules passed,15,535,13.5 14.5 15.5 17.5 18.5 20 21.5,6.0,same direction as Pinnacle,genuine lag/value (Bet365 line updating in the same direction as Pinnacle)
658,sign_reference_ambiguous,basketball,WNBA,Minnesota Lynx vs Indiana Fever,2026-09-25T00:00,2026-09-24T14:46:24.881+00:00,SPREAD,,4,3,4,,,,,,no,production-verified quote mapping (basketball two-sided),label + fixture URL market agree,one event id across 2 alerts,fixture never opened on the phone,AMBIGUOUS,,Bet365 spread line equals Pinnacle as displayed but OddsNotifier reports unequal lines: spread sign reference cannot be ,2,29,4,0,Bet365 unchanged,"sign reference ambiguous (equal as displayed, reported unequal; AMBIGUOUS)"
663,favourite_flip,basketball,World - Club Friendlies,Anyang Jungkwanjang Red Boosters vs Suwon KT Sonicboom,2026-09-25T07:30,2026-09-24T14:48:37.251+00:00,SPREAD,,2,-2.5,-1.5,AWAY +1.5 @ 1.83,implied_favourable_line,3.5,,,yes,production-verified quote mapping (basketball two-sided),label + fixture URL market agree,one event id across 14 alerts,fixture never opened on the phone,PARSED,ACCEPT,All rules passed,14,1003,-1.5 3.5 4.5 5.5,7.0,same direction as Pinnacle,genuine lag/value (Bet365 line updating in the same direction as Pinnacle)
665,favourite_flip,basketball,World - Club Friendlies,Anyang Jungkwanjang Red Boosters vs Suwon KT Sonicboom,2026-09-25T07:30,2026-09-24T14:48:46.109+00:00,SPREAD,,3,-2.5,-1.5,AWAY +1.5 @ 1.83,implied_favourable_line,4.5,,,yes,production-verified quote mapping (basketball two-sided),label + fixture URL market agree,one event id across 14 alerts,fixture never opened on the phone,PARSED,ACCEPT,All rules passed,14,1003,-1.5 3.5 4.5 5.5,7.0,same direction as Pinnacle,genuine lag/value (Bet365 line updating in the same direction as Pinnacle)
667,favourite_flip,basketball,World - Club Friendlies,Anyang Jungkwanjang Red Boosters vs Suwon KT Sonicboom,2026-09-25T07:30,2026-09-24T14:49:28.152+00:00,SPREAD,,3.5,-2.5,-1.5,AWAY +1.5 @ 1.83,implied_favourable_line,5.0,,,yes,production-verified quote mapping (basketball two-sided),label + fixture URL market agree,one event id across 14 alerts,fixture never opened on the phone,PARSED,ACCEPT,All rules passed,14,1003,-1.5 3.5 4.5 5.5,7.0,same direction as Pinnacle,genuine lag/value (Bet365 line updating in the same direction as Pinnacle)
679,sign_reference_ambiguous,basketball,WNBA,Minnesota Lynx vs Indiana Fever,2026-09-25T00:00,2026-09-24T15:15:34.740+00:00,SPREAD,,4,3,4,,,,,,no,production-verified quote mapping (basketball two-sided),label + fixture URL market agree,one event id across 2 alerts,fixture never opened on the phone,AMBIGUOUS,,Bet365 spread line equals Pinnacle as displayed but OddsNotifier reports unequal lines: spread sign reference cannot be ,2,29,4,0,Bet365 unchanged,"sign reference ambiguous (equal as displayed, reported unequal; AMBIGUOUS)"
681,perspective_ambiguous,basketball,Asian Games - Women,Japan vs Chinese Taipei,2026-09-25T10:20,2026-09-24T15:16:28.610+00:00,SPREAD,,-23,-23,18.5,,,,,,yes,production-verified quote mapping (basketball two-sided),label + fixture URL market agree,one event id across 6 alerts,fixture never opened on the phone,AMBIGUOUS,,Pinnacle (-23) and Bet365 (18.5) favour different teams by 41.5 points: the Bet365 spread appears quoted from the other ,6,8,17.5 18.5,1,same direction as Pinnacle,perspective issue (Bet365 spread quoted from the other side; now AMBIGUOUS)
682,perspective_ambiguous,basketball,Asian Games - Women,Japan vs Chinese Taipei,2026-09-25T10:20,2026-09-24T15:21:57.062+00:00,SPREAD,,-23.5,-23,17.5,,,,,,yes,production-verified quote mapping (basketball two-sided),label + fixture URL market agree,one event id across 6 alerts,fixture never opened on the phone,AMBIGUOUS,,Pinnacle (-23.5) and Bet365 (17.5) favour different teams by 41.0 points: the Bet365 spread appears quoted from the othe,6,8,17.5 18.5,1,same direction as Pinnacle,perspective issue (Bet365 spread quoted from the other side; now AMBIGUOUS)
683,perspective_ambiguous,basketball,Asian Games - Women,Japan vs Chinese Taipei,2026-09-25T10:20,2026-09-24T15:22:02.098+00:00,SPREAD,,-24,-23,17.5,,,,,,yes,production-verified quote mapping (basketball two-sided),label + fixture URL market agree,one event id across 6 alerts,fixture never opened on the phone,AMBIGUOUS,,Pinnacle (-24) and Bet365 (17.5) favour different teams by 41.5 points: the Bet365 spread appears quoted from the other ,6,8,17.5 18.5,1,same direction as Pinnacle,perspective issue (Bet365 spread quoted from the other side; now AMBIGUOUS)
684,perspective_ambiguous,basketball,Asian Games - Women,Japan vs Chinese Taipei,2026-09-25T10:20,2026-09-24T15:22:12.867+00:00,SPREAD,,-24,-23,17.5,,,,,,yes,production-verified quote mapping (basketball two-sided),label + fixture URL market agree,one event id across 6 alerts,fixture never opened on the phone,AMBIGUOUS,,Pinnacle (-24) and Bet365 (17.5) favour different teams by 41.5 points: the Bet365 spread appears quoted from the other ,6,8,17.5 18.5,1,same direction as Pinnacle,perspective issue (Bet365 spread quoted from the other side; now AMBIGUOUS)
685,perspective_ambiguous,basketball,Asian Games - Women,Japan vs Chinese Taipei,2026-09-25T10:20,2026-09-24T15:24:06.235+00:00,SPREAD,,-23.5,-23,17.5,,,,,,yes,production-verified quote mapping (basketball two-sided),label + fixture URL market agree,one event id across 6 alerts,fixture never opened on the phone,AMBIGUOUS,,Pinnacle (-23.5) and Bet365 (17.5) favour different teams by 41.0 points: the Bet365 spread appears quoted from the othe,6,8,17.5 18.5,1,same direction as Pinnacle,perspective issue (Bet365 spread quoted from the other side; now AMBIGUOUS)
686,perspective_ambiguous,basketball,Asian Games - Women,Japan vs Chinese Taipei,2026-09-25T10:20,2026-09-24T15:25:15.107+00:00,SPREAD,,-23.5,-23,17.5,,,,,,yes,production-verified quote mapping (basketball two-sided),label + fixture URL market agree,one event id across 6 alerts,fixture never opened on the phone,AMBIGUOUS,,Pinnacle (-23.5) and Bet365 (17.5) favour different teams by 41.0 points: the Bet365 spread appears quoted from the othe,6,8,17.5 18.5,1,same direction as Pinnacle,perspective issue (Bet365 spread quoted from the other side; now AMBIGUOUS)
699,sign_reference_ambiguous,basketball,WNBA,Connecticut Sun vs Toronto Tempo,2026-09-24T23:00,2026-09-24T15:42:59.546+00:00,SPREAD,,-2,-2,-2,,,,,,no,production-verified quote mapping (basketball two-sided),label + fixture URL market agree,one event id across 4 alerts,fixture never opened on the phone,AMBIGUOUS,,Bet365 spread line equals Pinnacle as displayed but OddsNotifier reports unequal lines: spread sign reference cannot be ,4,434,-3 -2.5 -2,1,same direction as Pinnacle,"sign reference ambiguous (equal as displayed, reported unequal; AMBIGUOUS)"
759,favourite_flip,basketball,Puerto Rico - Superior Nacional Women,Gigantes de Carolina vs Atenienses de Manati,2026-09-25T00:00,2026-09-24T17:47:55.512+00:00,SPREAD,,1.5,2,-2,AWAY +2 @ 1.83,implied_favourable_line,3.5,,,yes,production-verified quote mapping (basketball two-sided),label + fixture URL market agree,one event id across 49 alerts,fixture never opened on the phone,PARSED,ACCEPT,All rules passed,49,895,-4.5 -2.5 -2 -1.5 1.5,9.0,same direction as Pinnacle,genuine lag/value (Bet365 line updating in the same direction as Pinnacle)
769,advantage>=6,basketball,Chile - LNB,CD Castro vs CSD Colo Colo,2026-09-24T23:00,2026-09-24T18:01:39.946+00:00,TOTALS,,162,154.5,154.5,OVER 154.5 @ 1.83,implied_favourable_line,7.5,,,,production-verified quote mapping (basketball two-sided),label + fixture URL market agree,one event id across 20 alerts,fixture never opened on the phone,PARSED,ACCEPT,All rules passed,20,47,154.5 161.5,9.5,opposite/uncertain,"live Bet365 market, direction unclear (line updating)"
771,advantage>=6,basketball,Chile - LNB,CD Castro vs CSD Colo Colo,2026-09-24T23:00,2026-09-24T18:01:49.025+00:00,TOTALS,162,164,154.5,154.5,OVER 154.5 @ 1.83,implied_favourable_line,9.5,UP,True,,production-verified quote mapping (basketball two-sided),label + fixture URL market agree,one event id across 20 alerts,fixture never opened on the phone,PARSED,ACCEPT,All rules passed,20,47,154.5 161.5,9.5,opposite/uncertain,"live Bet365 market, direction unclear (line updating)"
772,advantage>=6,basketball,Chile - LNB,CD Castro vs CSD Colo Colo,2026-09-24T23:00,2026-09-24T18:02:03.355+00:00,TOTALS,164,162.5,154.5,154.5,OVER 154.5 @ 1.83,implied_favourable_line,8.0,DOWN,False,,production-verified quote mapping (basketball two-sided),label + fixture URL market agree,one event id across 20 alerts,fixture never opened on the phone,PARSED,ACCEPT,All rules passed,20,47,154.5 161.5,9.5,opposite/uncertain,"live Bet365 market, direction unclear (line updating)"
773,advantage>=6,basketball,Chile - LNB,CD Castro vs CSD Colo Colo,2026-09-24T23:00,2026-09-24T18:02:13.058+00:00,TOTALS,162.5,161,154.5,154.5,OVER 154.5 @ 1.83,implied_favourable_line,6.5,DOWN,False,,production-verified quote mapping (basketball two-sided),label + fixture URL market agree,one event id across 20 alerts,fixture never opened on the phone,PARSED,ACCEPT,All rules passed,20,47,154.5 161.5,9.5,opposite/uncertain,"live Bet365 market, direction unclear (line updating)"
774,advantage>=6,basketball,Chile - LNB,CD Castro vs CSD Colo Colo,2026-09-24T23:00,2026-09-24T18:02:44.464+00:00,TOTALS,,161,154.5,154.5,OVER 154.5 @ 1.83,implied_favourable_line,6.5,,,,production-verified quote mapping (basketball two-sided),label + fixture URL market agree,one event id across 20 alerts,fixture never opened on the phone,PARSED,ACCEPT,All rules passed,20,47,154.5 161.5,9.5,opposite/uncertain,"live Bet365 market, direction unclear (line updating)"
777,advantage>=6,basketball,Chile - LNB,CD Castro vs CSD Colo Colo,2026-09-24T23:00,2026-09-24T18:03:23.929+00:00,TOTALS,159.5,161,154.5,154.5,OVER 154.5 @ 1.83,implied_favourable_line,6.5,UP,True,,production-verified quote mapping (basketball two-sided),label + fixture URL market agree,one event id across 20 alerts,fixture never opened on the phone,PARSED,ACCEPT,All rules passed,20,47,154.5 161.5,9.5,opposite/uncertain,"live Bet365 market, direction unclear (line updating)"
780,advantage>=6,basketball,Chile - LNB,CD Castro vs CSD Colo Colo,2026-09-24T23:00,2026-09-24T18:04:17.302+00:00,TOTALS,160,161.5,154.5,154.5,OVER 154.5 @ 1.83,implied_favourable_line,7.0,UP,True,,production-verified quote mapping (basketball two-sided),label + fixture URL market agree,one event id across 20 alerts,fixture never opened on the phone,PARSED,ACCEPT,All rules passed,20,47,154.5 161.5,9.5,opposite/uncertain,"live Bet365 market, direction unclear (line updating)"
822,advantage>=6,basketball,Chile - LNB,CD Castro vs CSD Colo Colo,2026-09-24T23:00,2026-09-24T18:47:26.412+00:00,TOTALS,155.5,154.5,154.5,161.5,UNDER 161.5 @ 1.83,implied_favourable_line,7.0,DOWN,True,,production-verified quote mapping (basketball two-sided),label + fixture URL market agree,one event id across 20 alerts,fixture never opened on the phone,PARSED,ACCEPT,All rules passed,20,47,154.5 161.5,9.5,opposite/uncertain,"live Bet365 market, direction unclear (line updating)"
823,favourite_flip,basketball,Chile - LNB,CD Castro vs CSD Colo Colo,2026-09-24T23:00,2026-09-24T18:51:59.716+00:00,SPREAD,-1,1,4.5,-2.5,AWAY +2.5 @ 1.83,implied_favourable_line,3.5,UP,True,yes,production-verified quote mapping (basketball two-sided),label + fixture URL market agree,one event id across 15 alerts,fixture never opened on the phone,PARSED,ACCEPT,All rules passed,15,1246,-4.5 -2.5 -1.5,8.0,Bet365 unchanged,"live Bet365 market, direction unclear (line updating)"
824,favourite_flip,basketball,Chile - LNB,CD Castro vs CSD Colo Colo,2026-09-24T23:00,2026-09-24T18:52:28.048+00:00,SPREAD,,1,4.5,-2.5,AWAY +2.5 @ 1.83,implied_favourable_line,3.5,,,yes,production-verified quote mapping (basketball two-sided),label + fixture URL market agree,one event id across 15 alerts,fixture never opened on the phone,PARSED,ACCEPT,All rules passed,15,1246,-4.5 -2.5 -1.5,8.0,Bet365 unchanged,"live Bet365 market, direction unclear (line updating)"
825,favourite_flip,basketball,Chile - LNB,CD Castro vs CSD Colo Colo,2026-09-24T23:00,2026-09-24T18:52:39.580+00:00,SPREAD,,1,4.5,-2.5,AWAY +2.5 @ 1.83,implied_favourable_line,3.5,,,yes,production-verified quote mapping (basketball two-sided),label + fixture URL market agree,one event id across 15 alerts,fixture never opened on the phone,PARSED,ACCEPT,All rules passed,15,1246,-4.5 -2.5 -1.5,8.0,Bet365 unchanged,"live Bet365 market, direction unclear (line updating)"
828,favourite_flip,basketball,Chile - LNB,CD Castro vs CSD Colo Colo,2026-09-24T23:00,2026-09-24T18:55:45.493+00:00,SPREAD,2,1.5,4.5,-2.5,AWAY +2.5 @ 1.83,implied_favourable_line,4.0,DOWN,False,yes,production-verified quote mapping (basketball two-sided),label + fixture URL market agree,one event id across 15 alerts,fixture never opened on the phone,PARSED,ACCEPT,All rules passed,15,1246,-4.5 -2.5 -1.5,8.0,Bet365 unchanged,"live Bet365 market, direction unclear (line updating)"
832,advantage>=6,basketball,Chile - LNB,CD ABA Ancud vs CEB Puerto Montt,2026-09-24T23:00,2026-09-24T19:02:08.568+00:00,TOTALS,162,164,159,156.5,OVER 156.5 @ 1.83,implied_favourable_line,7.5,UP,True,,production-verified quote mapping (basketball two-sided),label + fixture URL market agree,one event id across 14 alerts,fixture never opened on the phone,PARSED,ACCEPT,All rules passed,14,121,156.5,9.0,Bet365 unchanged,stale Bet365 market (line unchanged while Pinnacle moved)
838,advantage>=6,basketball,Chile - LNB,CD ABA Ancud vs CEB Puerto Montt,2026-09-24T23:00,2026-09-24T19:26:47.393+00:00,TOTALS,,164,159,156.5,OVER 156.5 @ 1.83,implied_favourable_line,7.5,,,,production-verified quote mapping (basketball two-sided),label + fixture URL market agree,one event id across 14 alerts,fixture never opened on the phone,PARSED,ACCEPT,All rules passed,14,121,156.5,9.0,Bet365 unchanged,stale Bet365 market (line unchanged while Pinnacle moved)
842,advantage>=6,basketball,Chile - LNB,CD ABA Ancud vs CEB Puerto Montt,2026-09-24T23:00,2026-09-24T19:35:30.064+00:00,TOTALS,164,165,159,156.5,OVER 156.5 @ 1.83,implied_favourable_line,8.5,UP,True,,production-verified quote mapping (basketball two-sided),label + fixture URL market agree,one event id across 14 alerts,fixture never opened on the phone,PARSED,ACCEPT,All rules passed,14,121,156.5,9.0,Bet365 unchanged,stale Bet365 market (line unchanged while Pinnacle moved)
843,advantage>=6,basketball,Chile - LNB,CD ABA Ancud vs CEB Puerto Montt,2026-09-24T23:00,2026-09-24T19:42:25.185+00:00,TOTALS,165,166.5,159,156.5,OVER 156.5 @ 1.83,implied_favourable_line,10.0,UP,True,,production-verified quote mapping (basketball two-sided),label + fixture URL market agree,one event id across 14 alerts,fixture never opened on the phone,PARSED,ACCEPT,All rules passed,14,121,156.5,9.0,Bet365 unchanged,stale Bet365 market (line unchanged while Pinnacle moved)
847,advantage>=6,basketball,Chile - LNB,CD ABA Ancud vs CEB Puerto Montt,2026-09-24T23:00,2026-09-24T19:48:07.861+00:00,TOTALS,,166.5,159,156.5,OVER 156.5 @ 1.83,implied_favourable_line,10.0,,,,production-verified quote mapping (basketball two-sided),label + fixture URL market agree,one event id across 14 alerts,fixture never opened on the phone,PARSED,ACCEPT,All rules passed,14,121,156.5,9.0,Bet365 unchanged,stale Bet365 market (line unchanged while Pinnacle moved)
848,advantage>=6,basketball,Chile - LNB,CD ABA Ancud vs CEB Puerto Montt,2026-09-24T23:00,2026-09-24T19:48:13.861+00:00,TOTALS,166.5,167.5,159,156.5,OVER 156.5 @ 1.83,implied_favourable_line,11.0,UP,True,,production-verified quote mapping (basketball two-sided),label + fixture URL market agree,one event id across 14 alerts,fixture never opened on the phone,PARSED,ACCEPT,All rules passed,14,121,156.5,9.0,Bet365 unchanged,stale Bet365 market (line unchanged while Pinnacle moved)
854,advantage>=6,basketball,Chile - LNB,CD ABA Ancud vs CEB Puerto Montt,2026-09-24T23:00,2026-09-24T20:12:40.661+00:00,TOTALS,,166.5,159,156.5,OVER 156.5 @ 1.83,implied_favourable_line,10.0,,,,production-verified quote mapping (basketball two-sided),label + fixture URL market agree,one event id across 14 alerts,fixture never opened on the phone,PARSED,ACCEPT,All rules passed,14,121,156.5,9.0,Bet365 unchanged,stale Bet365 market (line unchanged while Pinnacle moved)
855,advantage>=6,basketball,Chile - LNB,CD ABA Ancud vs CEB Puerto Montt,2026-09-24T23:00,2026-09-24T20:13:01.555+00:00,TOTALS,,166.5,159,156.5,OVER 156.5 @ 1.83,implied_favourable_line,10.0,,,,production-verified quote mapping (basketball two-sided),label + fixture URL market agree,one event id across 14 alerts,fixture never opened on the phone,PARSED,ACCEPT,All rules passed,14,121,156.5,9.0,Bet365 unchanged,stale Bet365 market (line unchanged while Pinnacle moved)
863,ev_supplied_unequal,,,,,2026-09-24T20:28:42.583+00:00,,,,,,,,,,,,NOT proven,label + fixture URL market agree,no Bet365 link,fixture never opened on the phone,INVALID,,Malformed or contradictory alert: EV supplied although Bet365 line is absent or differs from Pinnacle line,0,0,,,,contradictory alert (EV supplied on unequal lines; INVALID)
868,sign_reference_ambiguous,basketball,WNBA,Connecticut Sun vs Toronto Tempo,2026-09-24T23:00,2026-09-24T20:54:04.086+00:00,SPREAD,,-2.5,-2,-2.5,,,,,,no,production-verified quote mapping (basketball two-sided),label + fixture URL market agree,one event id across 4 alerts,fixture never opened on the phone,AMBIGUOUS,,Bet365 spread line equals Pinnacle as displayed but OddsNotifier reports unequal lines: spread sign reference cannot be ,4,434,-3 -2.5 -2,1,same direction as Pinnacle,"sign reference ambiguous (equal as displayed, reported unequal; AMBIGUOUS)"
869,sign_reference_ambiguous,basketball,WNBA,Connecticut Sun vs Toronto Tempo,2026-09-24T23:00,2026-09-24T20:54:19.732+00:00,SPREAD,,-3,-2,-3,,,,,,no,production-verified quote mapping (basketball two-sided),label + fixture URL market agree,one event id across 4 alerts,fixture never opened on the phone,AMBIGUOUS,,Bet365 spread line equals Pinnacle as displayed but OddsNotifier reports unequal lines: spread sign reference cannot be ,4,434,-3 -2.5 -2,1,same direction as Pinnacle,"sign reference ambiguous (equal as displayed, reported unequal; AMBIGUOUS)"
871,favourite_flip,basketball,Chile - LNB,CD Castro vs CSD Colo Colo,2026-09-24T23:00,2026-09-24T21:26:56.907+00:00,SPREAD,-1,1.5,4.5,-1.5,AWAY +1.5 @ 1.83,implied_favourable_line,3.0,UP,True,yes,production-verified quote mapping (basketball two-sided),label + fixture URL market agree,one event id across 15 alerts,fixture never opened on the phone,PARSED,ACCEPT,All rules passed,15,1246,-4.5 -2.5 -1.5,8.0,Bet365 unchanged,"live Bet365 market, direction unclear (line updating)"
887,advantage>=6,basketball,Chile - LNB,CD Las Animas vs CD Espanol De Talca,2026-09-24T23:30,2026-09-24T21:55:57.514+00:00,SPREAD,-9,-8.5,-14,-14.5,AWAY +14.5 @ 1.83,implied_favourable_line,6.0,UP,True,no,production-verified quote mapping (basketball two-sided),label + fixture URL market agree,one event id across 71 alerts,fixture never opened on the phone,PARSED,ACCEPT,All rules passed,71,901,-19.5 -17.5 -16.5 -15.5 -14.5 -13.5 -13 -12 -11.5 -9.5 -6.5,18.5,same direction as Pinnacle,genuine lag/value (Bet365 line updating in the same direction as Pinnacle)
888,advantage>=6,basketball,Chile - LNB,CD Las Animas vs CD Espanol De Talca,2026-09-24T23:30,2026-09-24T21:56:09.316+00:00,SPREAD,-8.5,-8,-14,-14.5,AWAY +14.5 @ 1.83,implied_favourable_line,6.5,UP,True,no,production-verified quote mapping (basketball two-sided),label + fixture URL market agree,one event id across 71 alerts,fixture never opened on the phone,PARSED,ACCEPT,All rules passed,71,901,-19.5 -17.5 -16.5 -15.5 -14.5 -13.5 -13 -12 -11.5 -9.5 -6.5,18.5,same direction as Pinnacle,genuine lag/value (Bet365 line updating in the same direction as Pinnacle)
915,favourite_flip,basketball,France - Nationale 1,Orchies vs Lyon,2026-09-25T18:00,2026-09-24T22:08:41.431+00:00,SPREAD,,1,-5.5,-3.5,AWAY +3.5 @ 1.83,implied_favourable_line,4.5,,,yes,production-verified quote mapping (basketball two-sided),label + fixture URL market agree,one event id across 12 alerts,fixture never opened on the phone,PARSED,ACCEPT,All rules passed,12,207,-3.5 -1.5,8.0,same direction as Pinnacle,genuine lag/value (Bet365 line updating in the same direction as Pinnacle)
929,advantage>=6,basketball,Chile - LNB,CD Las Animas vs CD Espanol De Talca,2026-09-24T23:30,2026-09-24T22:13:54.247+00:00,SPREAD,-6,-5,-14,-11.5,AWAY +11.5 @ 1.86,implied_favourable_line,6.5,UP,True,no,production-verified quote mapping (basketball two-sided),label + fixture URL market agree,one event id across 71 alerts,fixture never opened on the phone,PARSED,ACCEPT,All rules passed,71,901,-19.5 -17.5 -16.5 -15.5 -14.5 -13.5 -13 -12 -11.5 -9.5 -6.5,18.5,same direction as Pinnacle,genuine lag/value (Bet365 line updating in the same direction as Pinnacle)
931,advantage>=6,basketball,Chile - LNB,CD Las Animas vs CD Espanol De Talca,2026-09-24T23:30,2026-09-24T22:14:07.707+00:00,SPREAD,-5,-5.5,-14,-11.5,AWAY +11.5 @ 1.86,implied_favourable_line,6.0,DOWN,False,no,production-verified quote mapping (basketball two-sided),label + fixture URL market agree,one event id across 71 alerts,fixture never opened on the phone,PARSED,ACCEPT,All rules passed,71,901,-19.5 -17.5 -16.5 -15.5 -14.5 -13.5 -13 -12 -11.5 -9.5 -6.5,18.5,same direction as Pinnacle,genuine lag/value (Bet365 line updating in the same direction as Pinnacle)
933,advantage>=6,basketball,Chile - LNB,CD Las Animas vs CD Espanol De Talca,2026-09-24T23:30,2026-09-24T22:15:20.251+00:00,SPREAD,-5.5,-4.5,-14,-11.5,AWAY +11.5 @ 1.86,implied_favourable_line,7.0,UP,True,no,production-verified quote mapping (basketball two-sided),label + fixture URL market agree,one event id across 71 alerts,fixture never opened on the phone,PARSED,ACCEPT,All rules passed,71,901,-19.5 -17.5 -16.5 -15.5 -14.5 -13.5 -13 -12 -11.5 -9.5 -6.5,18.5,same direction as Pinnacle,genuine lag/value (Bet365 line updating in the same direction as Pinnacle)
934,advantage>=6,basketball,Chile - LNB,CD Las Animas vs CD Espanol De Talca,2026-09-24T23:30,2026-09-24T22:15:26.356+00:00,SPREAD,,-4.5,-14,-11.5,AWAY +11.5 @ 1.86,implied_favourable_line,7.0,,,no,production-verified quote mapping (basketball two-sided),label + fixture URL market agree,one event id across 71 alerts,fixture never opened on the phone,PARSED,ACCEPT,All rules passed,71,901,-19.5 -17.5 -16.5 -15.5 -14.5 -13.5 -13 -12 -11.5 -9.5 -6.5,18.5,same direction as Pinnacle,genuine lag/value (Bet365 line updating in the same direction as Pinnacle)
937,advantage>=6,basketball,Chile - LNB,CD Las Animas vs CD Espanol De Talca,2026-09-24T23:30,2026-09-24T22:15:29.290+00:00,SPREAD,-4.5,-3.5,-14,-11.5,AWAY +11.5 @ 1.86,implied_favourable_line,8.0,UP,True,no,production-verified quote mapping (basketball two-sided),label + fixture URL market agree,one event id across 71 alerts,fixture never opened on the phone,PARSED,ACCEPT,All rules passed,71,901,-19.5 -17.5 -16.5 -15.5 -14.5 -13.5 -13 -12 -11.5 -9.5 -6.5,18.5,same direction as Pinnacle,genuine lag/value (Bet365 line updating in the same direction as Pinnacle)
938,advantage>=6,basketball,Chile - LNB,CD Las Animas vs CD Espanol De Talca,2026-09-24T23:30,2026-09-24T22:15:59.836+00:00,SPREAD,-3.5,-4,-14,-11.5,AWAY +11.5 @ 1.86,implied_favourable_line,7.5,DOWN,False,no,production-verified quote mapping (basketball two-sided),label + fixture URL market agree,one event id across 71 alerts,fixture never opened on the phone,PARSED,ACCEPT,All rules passed,71,901,-19.5 -17.5 -16.5 -15.5 -14.5 -13.5 -13 -12 -11.5 -9.5 -6.5,18.5,same direction as Pinnacle,genuine lag/value (Bet365 line updating in the same direction as Pinnacle)
939,advantage>=6,basketball,Chile - LNB,CD Las Animas vs CD Espanol De Talca,2026-09-24T23:30,2026-09-24T22:16:15.745+00:00,SPREAD,-4,-4.5,-14,-11.5,AWAY +11.5 @ 1.86,implied_favourable_line,7.0,DOWN,False,no,production-verified quote mapping (basketball two-sided),label + fixture URL market agree,one event id across 71 alerts,fixture never opened on the phone,PARSED,ACCEPT,All rules passed,71,901,-19.5 -17.5 -16.5 -15.5 -14.5 -13.5 -13 -12 -11.5 -9.5 -6.5,18.5,same direction as Pinnacle,genuine lag/value (Bet365 line updating in the same direction as Pinnacle)
940,advantage>=6,basketball,Chile - LNB,CD Las Animas vs CD Espanol De Talca,2026-09-24T23:30,2026-09-24T22:16:33.333+00:00,SPREAD,,-4.5,-14,-11.5,AWAY +11.5 @ 1.86,implied_favourable_line,7.0,,,no,production-verified quote mapping (basketball two-sided),label + fixture URL market agree,one event id across 71 alerts,fixture never opened on the phone,PARSED,ACCEPT,All rules passed,71,901,-19.5 -17.5 -16.5 -15.5 -14.5 -13.5 -13 -12 -11.5 -9.5 -6.5,18.5,same direction as Pinnacle,genuine lag/value (Bet365 line updating in the same direction as Pinnacle)
942,advantage>=6,basketball,Chile - LNB,CD Las Animas vs CD Espanol De Talca,2026-09-24T23:30,2026-09-24T22:16:36.361+00:00,SPREAD,-4.5,-4,-14,-11.5,AWAY +11.5 @ 1.86,implied_favourable_line,7.5,UP,True,no,production-verified quote mapping (basketball two-sided),label + fixture URL market agree,one event id across 71 alerts,fixture never opened on the phone,PARSED,ACCEPT,All rules passed,71,901,-19.5 -17.5 -16.5 -15.5 -14.5 -13.5 -13 -12 -11.5 -9.5 -6.5,18.5,same direction as Pinnacle,genuine lag/value (Bet365 line updating in the same direction as Pinnacle)
945,advantage>=6,basketball,Chile - LNB,CD Las Animas vs CD Espanol De Talca,2026-09-24T23:30,2026-09-24T22:16:49.440+00:00,SPREAD,-4,-3.5,-14,-11.5,AWAY +11.5 @ 1.86,implied_favourable_line,8.0,UP,True,no,production-verified quote mapping (basketball two-sided),label + fixture URL market agree,one event id across 71 alerts,fixture never opened on the phone,PARSED,ACCEPT,All rules passed,71,901,-19.5 -17.5 -16.5 -15.5 -14.5 -13.5 -13 -12 -11.5 -9.5 -6.5,18.5,same direction as Pinnacle,genuine lag/value (Bet365 line updating in the same direction as Pinnacle)
965,favourite_flip,basketball,France - Nationale 1,Orchies vs Lyon,2026-09-25T18:00,2026-09-24T22:29:36.489+00:00,SPREAD,,1.5,-5.5,-3.5,AWAY +3.5 @ 1.83,implied_favourable_line,5.0,,,yes,production-verified quote mapping (basketball two-sided),label + fixture URL market agree,one event id across 12 alerts,fixture never opened on the phone,PARSED,ACCEPT,All rules passed,12,207,-3.5 -1.5,8.0,same direction as Pinnacle,genuine lag/value (Bet365 line updating in the same direction as Pinnacle)
977,advantage>=6,basketball,Chile - LNB,CD ABA Ancud vs CEB Puerto Montt,2026-09-24T23:00,2026-09-24T22:38:47.231+00:00,SPREAD,-14.5,-15.5,1.5,-9,HOME -9 @ 1.83,implied_favourable_line,6.5,DOWN,True,no,production-verified quote mapping (basketball two-sided),label + fixture URL market agree,one event id across 18 alerts,fixture never opened on the phone,PARSED,ACCEPT,All rules passed,18,888,-12.5 -9 -7.5 -6.5 -4.5 -1.5,12.0,same direction as Pinnacle,genuine lag/value (Bet365 line updating in the same direction as Pinnacle)
978,advantage>=6,basketball,Chile - LNB,CD ABA Ancud vs CEB Puerto Montt,2026-09-24T23:00,2026-09-24T22:38:52.404+00:00,SPREAD,-15.5,-15,1.5,-9,HOME -9 @ 1.83,implied_favourable_line,6,UP,False,no,production-verified quote mapping (basketball two-sided),label + fixture URL market agree,one event id across 18 alerts,fixture never opened on the phone,PARSED,ACCEPT,All rules passed,18,888,-12.5 -9 -7.5 -6.5 -4.5 -1.5,12.0,same direction as Pinnacle,genuine lag/value (Bet365 line updating in the same direction as Pinnacle)
981,advantage>=6|favourite_flip,basketball,France - Nationale 1,Orchies vs Lyon,2026-09-25T18:00,2026-09-24T22:50:11.733+00:00,SPREAD,,2.5,-5.5,-3.5,AWAY +3.5 @ 1.83,implied_favourable_line,6.0,,,yes,production-verified quote mapping (basketball two-sided),label + fixture URL market agree,one event id across 12 alerts,fixture never opened on the phone,PARSED,ACCEPT,All rules passed,12,207,-3.5 -1.5,8.0,same direction as Pinnacle,genuine lag/value (Bet365 line updating in the same direction as Pinnacle)
986,favourite_flip,basketball,France - Nationale 1,Berck Fliers Range vs Pays Salonais Basket 13,2026-09-25T18:00,2026-09-24T22:51:57.477+00:00,SPREAD,,1,-6,-3.5,AWAY +3.5 @ 1.83,implied_favourable_line,4.5,,,yes,production-verified quote mapping (basketball two-sided),label + fixture URL market agree,one event id across 9 alerts,fixture never opened on the phone,PARSED,ACCEPT,All rules passed,9,371,-5.5 -3.5,5.0,opposite/uncertain,"live Bet365 market, direction unclear (line updating)"
991,ev_supplied_unequal,,,,,2026-09-24T22:57:01.827+00:00,,,,,,,,,,,,NOT proven,label + fixture URL market agree,no Bet365 link,fixture never opened on the phone,INVALID,,Malformed or contradictory alert: EV supplied although Bet365 line is absent or differs from Pinnacle line,0,0,,,,contradictory alert (EV supplied on unequal lines; INVALID)
993,sign_reference_ambiguous,basketball,WNBA,Connecticut Sun vs Toronto Tempo,2026-09-24T23:00,2026-09-24T22:57:44.743+00:00,SPREAD,,-3,-2,-3,,,,,,no,production-verified quote mapping (basketball two-sided),label + fixture URL market agree,one event id across 4 alerts,fixture never opened on the phone,AMBIGUOUS,,Bet365 spread line equals Pinnacle as displayed but OddsNotifier reports unequal lines: spread sign reference cannot be ,4,434,-3 -2.5 -2,1,same direction as Pinnacle,"sign reference ambiguous (equal as displayed, reported unequal; AMBIGUOUS)"
1000,advantage>=6|favourite_flip,basketball,France - Nationale 1,Orchies vs Lyon,2026-09-25T18:00,2026-09-24T23:23:43.199+00:00,SPREAD,,2.5,-5.5,-3.5,AWAY +3.5 @ 1.83,implied_favourable_line,6.0,,,yes,production-verified quote mapping (basketball two-sided),label + fixture URL market agree,one event id across 12 alerts,fixture never opened on the phone,PARSED,ACCEPT,All rules passed,12,207,-3.5 -1.5,8.0,same direction as Pinnacle,genuine lag/value (Bet365 line updating in the same direction as Pinnacle)
1001,advantage>=6|favourite_flip,basketball,France - Nationale 1,Orchies vs Lyon,2026-09-25T18:00,2026-09-24T23:24:10.312+00:00,SPREAD,,3,-5.5,-3.5,AWAY +3.5 @ 1.83,implied_favourable_line,6.5,,,yes,production-verified quote mapping (basketball two-sided),label + fixture URL market agree,one event id across 12 alerts,fixture never opened on the phone,PARSED,ACCEPT,All rules passed,12,207,-3.5 -1.5,8.0,same direction as Pinnacle,genuine lag/value (Bet365 line updating in the same direction as Pinnacle)
1003,favourite_flip,basketball,Czech Republic - 1. Liga,SKB Zlin vs BK Napos Vysoka Nad Labem,2026-09-25T16:30,2026-09-24T23:25:27.559+00:00,SPREAD,3,2.5,-13.5,-2.5,AWAY +2.5 @ 1.83,implied_favourable_line,5.0,DOWN,False,yes,production-verified quote mapping (basketball two-sided),label + fixture URL market agree,one event id across 20 alerts,fixture never opened on the phone,PARSED,ACCEPT,All rules passed,20,1153,-10.5 -8.5 -7.5 -2.5 -1 1.5,11.5,same direction as Pinnacle,genuine lag/value (Bet365 line updating in the same direction as Pinnacle)
1004,favourite_flip,basketball,Czech Republic - 1. Liga,SKB Zlin vs BK Napos Vysoka Nad Labem,2026-09-25T16:30,2026-09-24T23:31:26.530+00:00,SPREAD,2.5,1,-13.5,-1,AWAY +1 @ 1.83,implied_favourable_line,2,DOWN,False,yes,production-verified quote mapping (basketball two-sided),label + fixture URL market agree,one event id across 20 alerts,fixture never opened on the phone,PARSED,ACCEPT,All rules passed,20,1153,-10.5 -8.5 -7.5 -2.5 -1 1.5,11.5,same direction as Pinnacle,genuine lag/value (Bet365 line updating in the same direction as Pinnacle)
1006,favourite_flip,basketball,Czech Republic - 1. Liga,SKB Zlin vs BK Napos Vysoka Nad Labem,2026-09-25T16:30,2026-09-24T23:32:42.927+00:00,SPREAD,,1,-13.5,-1,AWAY +1 @ 1.83,implied_favourable_line,2,,,yes,production-verified quote mapping (basketball two-sided),label + fixture URL market agree,one event id across 20 alerts,fixture never opened on the phone,PARSED,ACCEPT,All rules passed,20,1153,-10.5 -8.5 -7.5 -2.5 -1 1.5,11.5,same direction as Pinnacle,genuine lag/value (Bet365 line updating in the same direction as Pinnacle)
1007,favourite_flip,basketball,France - Nationale 1,Berck Fliers Range vs Pays Salonais Basket 13,2026-09-25T18:00,2026-09-24T23:37:26.542+00:00,SPREAD,,1.5,-6,-3.5,AWAY +3.5 @ 1.83,implied_favourable_line,5.0,,,yes,production-verified quote mapping (basketball two-sided),label + fixture URL market agree,one event id across 9 alerts,fixture never opened on the phone,PARSED,ACCEPT,All rules passed,9,371,-5.5 -3.5,5.0,opposite/uncertain,"live Bet365 market, direction unclear (line updating)"
1009,favourite_flip,basketball,Czech Republic - 1. Liga,SKB Zlin vs BK Napos Vysoka Nad Labem,2026-09-25T16:30,2026-09-24T23:41:42.021+00:00,SPREAD,,1,-13.5,-1,AWAY +1 @ 1.83,implied_favourable_line,2,,,yes,production-verified quote mapping (basketball two-sided),label + fixture URL market agree,one event id across 20 alerts,fixture never opened on the phone,PARSED,ACCEPT,All rules passed,20,1153,-10.5 -8.5 -7.5 -2.5 -1 1.5,11.5,same direction as Pinnacle,genuine lag/value (Bet365 line updating in the same direction as Pinnacle)
1010,favourite_flip,basketball,Czech Republic - 1. Liga,SKB Zlin vs BK Napos Vysoka Nad Labem,2026-09-25T16:30,2026-09-24T23:42:11.841+00:00,SPREAD,1,2,-13.5,-1,AWAY +1 @ 1.83,implied_favourable_line,3,UP,True,yes,production-verified quote mapping (basketball two-sided),label + fixture URL market agree,one event id across 20 alerts,fixture never opened on the phone,PARSED,ACCEPT,All rules passed,20,1153,-10.5 -8.5 -7.5 -2.5 -1 1.5,11.5,same direction as Pinnacle,genuine lag/value (Bet365 line updating in the same direction as Pinnacle)
1013,favourite_flip,basketball,France - Nationale 1,Besancon vs Val De Seine,2026-09-25T18:00,2026-09-24T23:43:40.792+00:00,SPREAD,,3,-6.5,-1.5,AWAY +1.5 @ 1.83,implied_favourable_line,4.5,,,yes,production-verified quote mapping (basketball two-sided),label + fixture URL market agree,one event id across 11 alerts,fixture never opened on the phone,PARSED,ACCEPT,All rules passed,11,577,-6.5 -3.5 -1.5,11.0,same direction as Pinnacle,genuine lag/value (Bet365 line updating in the same direction as Pinnacle)
1014,favourite_flip,basketball,France - Nationale 1,Berck Fliers Range vs Pays Salonais Basket 13,2026-09-25T18:00,2026-09-24T23:43:56.660+00:00,SPREAD,,1,-6,-3.5,AWAY +3.5 @ 1.83,implied_favourable_line,4.5,,,yes,production-verified quote mapping (basketball two-sided),label + fixture URL market agree,one event id across 9 alerts,fixture never opened on the phone,PARSED,ACCEPT,All rules passed,9,371,-5.5 -3.5,5.0,opposite/uncertain,"live Bet365 market, direction unclear (line updating)"
1015,advantage>=6|favourite_flip,basketball,France - Nationale 1,Orchies vs Lyon,2026-09-25T18:00,2026-09-24T23:44:19.227+00:00,SPREAD,,2.5,-5.5,-3.5,AWAY +3.5 @ 1.83,implied_favourable_line,6.0,,,yes,production-verified quote mapping (basketball two-sided),label + fixture URL market agree,one event id across 12 alerts,fixture never opened on the phone,PARSED,ACCEPT,All rules passed,12,207,-3.5 -1.5,8.0,same direction as Pinnacle,genuine lag/value (Bet365 line updating in the same direction as Pinnacle)
1017,advantage>=6|favourite_flip,basketball,France - Nationale 1,Orchies vs Lyon,2026-09-25T18:00,2026-09-24T23:48:35.562+00:00,SPREAD,,3,-5.5,-3.5,AWAY +3.5 @ 1.83,implied_favourable_line,6.5,,,yes,production-verified quote mapping (basketball two-sided),label + fixture URL market agree,one event id across 12 alerts,fixture never opened on the phone,PARSED,ACCEPT,All rules passed,12,207,-3.5 -1.5,8.0,same direction as Pinnacle,genuine lag/value (Bet365 line updating in the same direction as Pinnacle)
1018,advantage>=6|favourite_flip,basketball,France - Nationale 1,Orchies vs Lyon,2026-09-25T18:00,2026-09-24T23:48:56.728+00:00,SPREAD,,3,-5.5,-3.5,AWAY +3.5 @ 1.83,implied_favourable_line,6.5,,,yes,production-verified quote mapping (basketball two-sided),label + fixture URL market agree,one event id across 12 alerts,fixture never opened on the phone,PARSED,ACCEPT,All rules passed,12,207,-3.5 -1.5,8.0,same direction as Pinnacle,genuine lag/value (Bet365 line updating in the same direction as Pinnacle)
1019,favourite_flip,basketball,Czech Republic - 1. Liga,SKB Zlin vs BK Napos Vysoka Nad Labem,2026-09-25T16:30,2026-09-24T23:53:49.913+00:00,SPREAD,2,2.5,-13.5,-1,AWAY +1 @ 1.83,implied_favourable_line,3.5,UP,True,yes,production-verified quote mapping (basketball two-sided),label + fixture URL market agree,one event id across 20 alerts,fixture never opened on the phone,PARSED,ACCEPT,All rules passed,20,1153,-10.5 -8.5 -7.5 -2.5 -1 1.5,11.5,same direction as Pinnacle,genuine lag/value (Bet365 line updating in the same direction as Pinnacle)
1027,favourite_flip,basketball,France - Nationale 1,Besancon vs Val De Seine,2026-09-25T18:00,2026-09-24T23:59:46.512+00:00,SPREAD,,3,-6.5,-1.5,AWAY +1.5 @ 1.83,implied_favourable_line,4.5,,,yes,production-verified quote mapping (basketball two-sided),label + fixture URL market agree,one event id across 11 alerts,fixture never opened on the phone,PARSED,ACCEPT,All rules passed,11,577,-6.5 -3.5 -1.5,11.0,same direction as Pinnacle,genuine lag/value (Bet365 line updating in the same direction as Pinnacle)
1028,favourite_flip,basketball,Czech Republic - 1. Liga,SKB Zlin vs BK Napos Vysoka Nad Labem,2026-09-25T16:30,2026-09-25T00:00:44.971+00:00,SPREAD,2.5,3,-13.5,-1,AWAY +1 @ 1.83,implied_favourable_line,4,UP,True,yes,production-verified quote mapping (basketball two-sided),label + fixture URL market agree,one event id across 20 alerts,fixture never opened on the phone,PARSED,ACCEPT,All rules passed,20,1153,-10.5 -8.5 -7.5 -2.5 -1 1.5,11.5,same direction as Pinnacle,genuine lag/value (Bet365 line updating in the same direction as Pinnacle)
1029,favourite_flip,basketball,Czech Republic - 1. Liga,SKB Zlin vs BK Napos Vysoka Nad Labem,2026-09-25T16:30,2026-09-25T00:00:48.208+00:00,SPREAD,3,3.5,-13.5,-1,AWAY +1 @ 1.83,implied_favourable_line,4.5,UP,True,yes,production-verified quote mapping (basketball two-sided),label + fixture URL market agree,one event id across 20 alerts,fixture never opened on the phone,PARSED,ACCEPT,All rules passed,20,1153,-10.5 -8.5 -7.5 -2.5 -1 1.5,11.5,same direction as Pinnacle,genuine lag/value (Bet365 line updating in the same direction as Pinnacle)
1032,favourite_flip,basketball,France - Nationale 1,Besancon vs Val De Seine,2026-09-25T18:00,2026-09-25T00:06:23.626+00:00,SPREAD,,3,-6.5,-1.5,AWAY +1.5 @ 1.83,implied_favourable_line,4.5,,,yes,production-verified quote mapping (basketball two-sided),label + fixture URL market agree,one event id across 11 alerts,fixture never opened on the phone,PARSED,ACCEPT,All rules passed,11,577,-6.5 -3.5 -1.5,11.0,same direction as Pinnacle,genuine lag/value (Bet365 line updating in the same direction as Pinnacle)
1033,favourite_flip,basketball,France - Nationale 1,Besancon vs Val De Seine,2026-09-25T18:00,2026-09-25T00:06:31.536+00:00,SPREAD,,3.5,-6.5,-1.5,AWAY +1.5 @ 1.83,implied_favourable_line,5.0,,,yes,production-verified quote mapping (basketball two-sided),label + fixture URL market agree,one event id across 11 alerts,fixture never opened on the phone,PARSED,ACCEPT,All rules passed,11,577,-6.5 -3.5 -1.5,11.0,same direction as Pinnacle,genuine lag/value (Bet365 line updating in the same direction as Pinnacle)
1034,advantage>=6|favourite_flip,basketball,France - Nationale 1,Orchies vs Lyon,2026-09-25T18:00,2026-09-25T00:06:41.748+00:00,SPREAD,,3.5,-5.5,-3.5,AWAY +3.5 @ 1.83,implied_favourable_line,7.0,,,yes,production-verified quote mapping (basketball two-sided),label + fixture URL market agree,one event id across 12 alerts,fixture never opened on the phone,PARSED,ACCEPT,All rules passed,12,207,-3.5 -1.5,8.0,same direction as Pinnacle,genuine lag/value (Bet365 line updating in the same direction as Pinnacle)
1037,favourite_flip,basketball,Czech Republic - 1. Liga,SKB Zlin vs BK Napos Vysoka Nad Labem,2026-09-25T16:30,2026-09-25T00:07:13.712+00:00,SPREAD,3.5,4,-13.5,-1,AWAY +1 @ 1.83,implied_favourable_line,5,UP,True,yes,production-verified quote mapping (basketball two-sided),label + fixture URL market agree,one event id across 20 alerts,fixture never opened on the phone,PARSED,ACCEPT,All rules passed,20,1153,-10.5 -8.5 -7.5 -2.5 -1 1.5,11.5,same direction as Pinnacle,genuine lag/value (Bet365 line updating in the same direction as Pinnacle)
1038,favourite_flip,basketball,Czech Republic - 1. Liga,SKB Zlin vs BK Napos Vysoka Nad Labem,2026-09-25T16:30,2026-09-25T00:07:23.730+00:00,SPREAD,,4,-13.5,-1,AWAY +1 @ 1.83,implied_favourable_line,5,,,yes,production-verified quote mapping (basketball two-sided),label + fixture URL market agree,one event id across 20 alerts,fixture never opened on the phone,PARSED,ACCEPT,All rules passed,20,1153,-10.5 -8.5 -7.5 -2.5 -1 1.5,11.5,same direction as Pinnacle,genuine lag/value (Bet365 line updating in the same direction as Pinnacle)
1040,favourite_flip,basketball,France - Nationale 1,Berck Fliers Range vs Pays Salonais Basket 13,2026-09-25T18:00,2026-09-25T00:07:55.552+00:00,SPREAD,,1.5,-6,-3.5,AWAY +3.5 @ 1.83,implied_favourable_line,5.0,,,yes,production-verified quote mapping (basketball two-sided),label + fixture URL market agree,one event id across 9 alerts,fixture never opened on the phone,PARSED,ACCEPT,All rules passed,9,371,-5.5 -3.5,5.0,opposite/uncertain,"live Bet365 market, direction unclear (line updating)"
1043,favourite_flip,basketball,France - Nationale 1,Berck Fliers Range vs Pays Salonais Basket 13,2026-09-25T18:00,2026-09-25T00:08:45.856+00:00,SPREAD,,1.5,-6,-3.5,AWAY +3.5 @ 1.83,implied_favourable_line,5.0,,,yes,production-verified quote mapping (basketball two-sided),label + fixture URL market agree,one event id across 9 alerts,fixture never opened on the phone,PARSED,ACCEPT,All rules passed,9,371,-5.5 -3.5,5.0,opposite/uncertain,"live Bet365 market, direction unclear (line updating)"
1050,favourite_flip,basketball,Czech Republic - 1. Liga,SKB Zlin vs BK Napos Vysoka Nad Labem,2026-09-25T16:30,2026-09-25T00:10:51.027+00:00,SPREAD,4,4.5,-13.5,-1,AWAY +1 @ 1.83,implied_favourable_line,5.5,UP,True,yes,production-verified quote mapping (basketball two-sided),label + fixture URL market agree,one event id across 20 alerts,fixture never opened on the phone,PARSED,ACCEPT,All rules passed,20,1153,-10.5 -8.5 -7.5 -2.5 -1 1.5,11.5,same direction as Pinnacle,genuine lag/value (Bet365 line updating in the same direction as Pinnacle)
1051,favourite_flip,basketball,Czech Republic - 1. Liga,SKB Zlin vs BK Napos Vysoka Nad Labem,2026-09-25T16:30,2026-09-25T00:11:38.011+00:00,SPREAD,,4.5,-13.5,-1,AWAY +1 @ 1.83,implied_favourable_line,5.5,,,yes,production-verified quote mapping (basketball two-sided),label + fixture URL market agree,one event id across 20 alerts,fixture never opened on the phone,PARSED,ACCEPT,All rules passed,20,1153,-10.5 -8.5 -7.5 -2.5 -1 1.5,11.5,same direction as Pinnacle,genuine lag/value (Bet365 line updating in the same direction as Pinnacle)
1052,advantage>=6|favourite_flip,basketball,France - Nationale 1,Orchies vs Lyon,2026-09-25T18:00,2026-09-25T00:13:03.399+00:00,SPREAD,,4.5,-5.5,-1.5,AWAY +1.5 @ 1.83,implied_favourable_line,6.0,,,yes,production-verified quote mapping (basketball two-sided),label + fixture URL market agree,one event id across 12 alerts,fixture never opened on the phone,PARSED,ACCEPT,All rules passed,12,207,-3.5 -1.5,8.0,same direction as Pinnacle,genuine lag/value (Bet365 line updating in the same direction as Pinnacle)
1061,favourite_flip,basketball,France - Nationale 1,Besancon vs Val De Seine,2026-09-25T18:00,2026-09-25T00:25:23.672+00:00,SPREAD,,3.5,-6.5,-1.5,AWAY +1.5 @ 1.83,implied_favourable_line,5.0,,,yes,production-verified quote mapping (basketball two-sided),label + fixture URL market agree,one event id across 11 alerts,fixture never opened on the phone,PARSED,ACCEPT,All rules passed,11,577,-6.5 -3.5 -1.5,11.0,same direction as Pinnacle,genuine lag/value (Bet365 line updating in the same direction as Pinnacle)
1062,advantage>=6|favourite_flip,basketball,France - Nationale 1,Besancon vs Val De Seine,2026-09-25T18:00,2026-09-25T00:25:39.767+00:00,SPREAD,,4.5,-6.5,-1.5,AWAY +1.5 @ 1.83,implied_favourable_line,6.0,,,yes,production-verified quote mapping (basketball two-sided),label + fixture URL market agree,one event id across 11 alerts,fixture never opened on the phone,PARSED,ACCEPT,All rules passed,11,577,-6.5 -3.5 -1.5,11.0,same direction as Pinnacle,genuine lag/value (Bet365 line updating in the same direction as Pinnacle)
1094,favourite_flip,basketball,Philippines - NCAA,Arellano Chiefs vs UPHSD Altas,2026-09-25T07:00,2026-09-25T02:58:44.539+00:00,SPREAD,1.5,-1.5,1.5,1.5,HOME 1.5 @ 1.83,implied_favourable_line,3.0,DOWN,True,yes,production-verified quote mapping (basketball two-sided),label + fixture URL market agree,one event id across 4 alerts,fixture never opened on the phone,PARSED,ACCEPT,All rules passed,4,169,-1 1.5,4.0,same direction as Pinnacle,genuine lag/value (Bet365 line updating in the same direction as Pinnacle)
1095,ev_supplied_unequal,,,,,2026-09-25T03:20:51.114+00:00,,,,,,,,,,,,NOT proven,label + fixture URL market agree,no Bet365 link,fixture never opened on the phone,INVALID,,Malformed or contradictory alert: EV supplied although Bet365 line is absent or differs from Pinnacle line,0,0,,,,contradictory alert (EV supplied on unequal lines; INVALID)
1096,ev_supplied_unequal,,,,,2026-09-25T03:22:32.670+00:00,,,,,,,,,,,,NOT proven,label + fixture URL market agree,no Bet365 link,fixture never opened on the phone,INVALID,,Malformed or contradictory alert: EV supplied although Bet365 line is absent or differs from Pinnacle line,0,0,,,,contradictory alert (EV supplied on unequal lines; INVALID)
1097,ev_supplied_unequal,,,,,2026-09-25T03:22:36.528+00:00,,,,,,,,,,,,NOT proven,label + fixture URL market agree,no Bet365 link,fixture never opened on the phone,INVALID,,Malformed or contradictory alert: EV supplied although Bet365 line is absent or differs from Pinnacle line,0,0,,,,contradictory alert (EV supplied on unequal lines; INVALID)
1098,ev_supplied_unequal,,,,,2026-09-25T03:23:39.561+00:00,,,,,,,,,,,,NOT proven,label + fixture URL market agree,no Bet365 link,fixture never opened on the phone,INVALID,,Malformed or contradictory alert: EV supplied although Bet365 line is absent or differs from Pinnacle line,0,0,,,,contradictory alert (EV supplied on unequal lines; INVALID)
1100,ev_supplied_unequal,,,,,2026-09-25T03:38:02.380+00:00,,,,,,,,,,,,NOT proven,label + fixture URL market agree,no Bet365 link,fixture never opened on the phone,INVALID,,Malformed or contradictory alert: EV supplied although Bet365 line is absent or differs from Pinnacle line,0,0,,,,contradictory alert (EV supplied on unequal lines; INVALID)
1101,perspective_ambiguous,basketball,Asian Games - Women,Republic of Korea vs China,2026-09-25T07:00,2026-09-25T03:50:04.491+00:00,SPREAD,,13.5,16,-15.5,,,,,,yes,production-verified quote mapping (basketball two-sided),label + fixture URL market agree,one event id across 2 alerts,fixture never opened on the phone,AMBIGUOUS,,Pinnacle (13.5) and Bet365 (-15.5) favour different teams by 29.0 points: the Bet365 spread appears quoted from the othe,2,0,-15.5,1.0,Bet365 unchanged,perspective issue (Bet365 spread quoted from the other side; now AMBIGUOUS)
1102,perspective_ambiguous,basketball,Asian Games - Women,Republic of Korea vs China,2026-09-25T07:00,2026-09-25T03:50:13.863+00:00,SPREAD,,12.5,16,-15.5,,,,,,yes,production-verified quote mapping (basketball two-sided),label + fixture URL market agree,one event id across 2 alerts,fixture never opened on the phone,AMBIGUOUS,,Pinnacle (12.5) and Bet365 (-15.5) favour different teams by 28.0 points: the Bet365 spread appears quoted from the othe,2,0,-15.5,1.0,Bet365 unchanged,perspective issue (Bet365 spread quoted from the other side; now AMBIGUOUS)
1103,ev_supplied_unequal,,,,,2026-09-25T03:54:32.719+00:00,,,,,,,,,,,,NOT proven,label + fixture URL market agree,no Bet365 link,fixture never opened on the phone,INVALID,,Malformed or contradictory alert: EV supplied although Bet365 line is absent or differs from Pinnacle line,0,0,,,,contradictory alert (EV supplied on unequal lines; INVALID)
1104,ev_supplied_unequal,,,,,2026-09-25T04:05:43.979+00:00,,,,,,,,,,,,NOT proven,label + fixture URL market agree,no Bet365 link,fixture never opened on the phone,INVALID,,Malformed or contradictory alert: EV supplied although Bet365 line is absent or differs from Pinnacle line,0,0,,,,contradictory alert (EV supplied on unequal lines; INVALID)
1119,ev_supplied_unequal,,,,,2026-09-25T04:34:37.746+00:00,,,,,,,,,,,,NOT proven,label + fixture URL market agree,no Bet365 link,fixture never opened on the phone,INVALID,,Malformed or contradictory alert: EV supplied although Bet365 line is absent or differs from Pinnacle line,0,0,,,,contradictory alert (EV supplied on unequal lines; INVALID)
1131,favourite_flip,basketball,Philippines - NCAA,Arellano Chiefs vs UPHSD Altas,2026-09-25T07:00,2026-09-25T05:17:36.422+00:00,SPREAD,-2.5,-3,1.5,1.5,HOME 1.5 @ 1.83,implied_favourable_line,4.5,DOWN,True,yes,production-verified quote mapping (basketball two-sided),label + fixture URL market agree,one event id across 4 alerts,fixture never opened on the phone,PARSED,ACCEPT,All rules passed,4,169,-1 1.5,4.0,same direction as Pinnacle,genuine lag/value (Bet365 line updating in the same direction as Pinnacle)
1169,favourite_flip,basketball,World - Club Friendlies,Anyang Jungkwanjang Red Boosters vs Suwon KT Sonicboom,2026-09-25T07:30,2026-09-25T06:20:07.111+00:00,SPREAD,,-1,-2.5,3.5,HOME 3.5 @ 1.83,implied_favourable_line,4.5,,,yes,production-verified quote mapping (basketball two-sided),label + fixture URL market agree,one event id across 14 alerts,fixture never opened on the phone,PARSED,ACCEPT,All rules passed,14,1003,-1.5 3.5 4.5 5.5,7.0,same direction as Pinnacle,genuine lag/value (Bet365 line updating in the same direction as Pinnacle)
1181,favourite_flip,basketball,World - Club Friendlies,Anyang Jungkwanjang Red Boosters vs Suwon KT Sonicboom,2026-09-25T07:30,2026-09-25T07:11:48.244+00:00,SPREAD,,-1,-2.5,3.5,HOME 3.5 @ 1.83,implied_favourable_line,4.5,,,yes,production-verified quote mapping (basketball two-sided),label + fixture URL market agree,one event id across 14 alerts,fixture never opened on the phone,PARSED,ACCEPT,All rules passed,14,1003,-1.5 3.5 4.5 5.5,7.0,same direction as Pinnacle,genuine lag/value (Bet365 line updating in the same direction as Pinnacle)
1192,favourite_flip,basketball,Czech Republic - 1. Liga,SKB Zlin vs BK Napos Vysoka Nad Labem,2026-09-25T16:30,2026-09-25T08:26:40.551+00:00,SPREAD,,-1,-13.5,1.5,HOME 1.5 @ 1.83,implied_favourable_line,2.5,,,yes,production-verified quote mapping (basketball two-sided),label + fixture URL market agree,one event id across 20 alerts,fixture never opened on the phone,PARSED,ACCEPT,All rules passed,20,1153,-10.5 -8.5 -7.5 -2.5 -1 1.5,11.5,same direction as Pinnacle,genuine lag/value (Bet365 line updating in the same direction as Pinnacle)
1203,favourite_flip,basketball,Czech Republic - 1. Liga,SKB Zlin vs BK Napos Vysoka Nad Labem,2026-09-25T16:30,2026-09-25T08:43:41.199+00:00,SPREAD,,-2,-13.5,1.5,HOME 1.5 @ 1.83,implied_favourable_line,3.5,,,yes,production-verified quote mapping (basketball two-sided),label + fixture URL market agree,one event id across 20 alerts,fixture never opened on the phone,PARSED,ACCEPT,All rules passed,20,1153,-10.5 -8.5 -7.5 -2.5 -1 1.5,11.5,same direction as Pinnacle,genuine lag/value (Bet365 line updating in the same direction as Pinnacle)
1204,advantage>=6,basketball,Philippines - NCAA,Mapua Cardinals vs Benilde Blazers,2026-09-25T09:00,2026-09-25T08:57:27.580+00:00,TOTALS,149.5,148.5,152.5,155.5,UNDER 155.5 @ 1.83,implied_favourable_line,7.0,DOWN,True,,production-verified quote mapping (basketball two-sided),label + fixture URL market agree,one event id across 1 alerts,fixture never opened on the phone,PARSED,ACCEPT,All rules passed,1,0,155.5,0.0,,unresolved (single observation)
